[EOLs]	1620
file://localhome/doeraene/projects/scalajs-java-time/java/time/chrono/AbstractChronology.scala	55
file://localhome/doeraene/projects/scalajs-java-time/java/time/chrono/Chronology.scala	36
file://localhome/doeraene/projects/scalajs-java-time/java/time/chrono/IsoChronology.scala	348
file://localhome/doeraene/projects/scalajs-java-time/java/time/Constants.scala	301
file://localhome/doeraene/projects/scalajs-java-time/java/time/DateTimeException.scala	107
file://localhome/doeraene/projects/scalajs-java-time/java/time/Instant.scala	1616
file://localhome/doeraene/projects/scalajs-java-time/java/time/LocalDate.scala	1659
file://localhome/doeraene/projects/scalajs-java-time/java/time/LocalTime.scala	1102
file://localhome/doeraene/projects/scalajs-java-time/java/time/Month.scala	1786
file://localhome/doeraene/projects/scalajs-java-time/java/time/Preconditions.scala	393
file://localhome/doeraene/projects/scalajs-java-time/java/time/Year.scala	225
file:/shipreq/base-util/shipreq/base/util/BinaryData.scala	858
file:/shipreq/base-util/shipreq/base/util/BinaryJs.scala	439
file:/shipreq/base-util/shipreq/base/util/ErrorMsg.scala	575
file:/shipreq/base-util/shipreq/base/util/Identity.scala	202
file:/shipreq/base-util/shipreq/base/util/IsoBool.scala	10
file:/shipreq/base-util/shipreq/base/util/JsExt.scala	208
file:/shipreq/base-util/shipreq/base/util/OpResult.scala	703
file:/shipreq/base-util/shipreq/base/util/Url.scala	1272
file:/shipreq/base-util/shipreq/base/util/Util.scala	263
file:/shipreq/frontend/dist/prod/scala/AssetManifest.scala	2264
file:/shipreq/webapp-base-member/shipreq/webapp/base/data/DataValidators.scala	265
file:/shipreq/webapp-base-member/shipreq/webapp/base/data/ProjectMetaData.scala	1035
file:/shipreq/webapp-base-member/shipreq/webapp/base/feature/PreviewFeature.scala	623
file:/shipreq/webapp-base-member/shipreq/webapp/base/jsfacade/MomentJs.scala	583
file:/shipreq/webapp-base-member/shipreq/webapp/base/lib/DataReusability.scala	339
file:/shipreq/webapp-base-member/shipreq/webapp/base/lib/KeyboardTheme.scala	4
file:/shipreq/webapp-base-member/shipreq/webapp/base/lib/ModalForm.scala	3480
file:/shipreq/webapp-base-member/shipreq/webapp/base/package.scala	177
file:/shipreq/webapp-base-member/shipreq/webapp/base/protocol/ajax/HomeSpaProtocols.scala	369
file:/shipreq/webapp-base-member/shipreq/webapp/base/protocol/binary/v1/BaseMemberData2.scala	473
file:/shipreq/webapp-base-member/shipreq/webapp/base/protocol/entrypoint/HomeSpaEntryPoint.scala	773
file:/shipreq/webapp-base-member/shipreq/webapp/base/ui/BaseStyles.scala	19223
file:/shipreq/webapp-base-member/shipreq/webapp/base/ui/EditTheme.scala	1236
file:/shipreq/webapp-base-member/shipreq/webapp/base/ui/FeedbackModal.scala	2799
file:/shipreq/webapp-base-member/shipreq/webapp/base/ui/InlineBaseStyles.scala	816
file:/shipreq/webapp-base-member/shipreq/webapp/base/ui/MemberLayout.scala	682
file:/shipreq/webapp-base-member/shipreq/webapp/base/ui/MemberNavBar.scala	2411
file:/shipreq/webapp-base-member/shipreq/webapp/base/ui/PlainTextEditor.scala	2561
file:/shipreq/webapp-base-member/shipreq/webapp/base/ui/ProjectItem.scala	870
file:/shipreq/webapp-base-member/shipreq/webapp/base/UiText.scala	249
file:/shipreq/webapp-base-member/shipreq/webapp/base/ui/TimeAgo.scala	1105
file:/shipreq/webapp-base/shipreq/webapp/base/ClientConfig.scala	20
file:/shipreq/webapp-base/shipreq/webapp/base/data/Enabled.scala	531
file:/shipreq/webapp-base/shipreq/webapp/base/data/Obfuscated.scala	532
file:/shipreq/webapp-base/shipreq/webapp/base/data/On.scala	502
file:/shipreq/webapp-base/shipreq/webapp/base/feature/AsyncFeature.scala	1755
file:/shipreq/webapp-base/shipreq/webapp/base/feature/EditorStatus.scala	2103
file:/shipreq/webapp-base/shipreq/webapp/base/feature/ErrorHandlingFeature.scala	2576
file:/shipreq/webapp-base/shipreq/webapp/base/lib/BaseReusability.scala	26
file:/shipreq/webapp-base/shipreq/webapp/base/lib/DomUtil.scala	144
file:/shipreq/webapp-base/shipreq/webapp/base/lib/KeyHandler.scala	3662
file:/shipreq/webapp-base/shipreq/webapp/base/protocol/ajax/AjaxClient.scala	2357
file:/shipreq/webapp-base/shipreq/webapp/base/protocol/ajax/CommonProtocolsJs.scala	279
file:/shipreq/webapp-base/shipreq/webapp/base/protocol/ajax/CommonProtocols.scala	4734
file:/shipreq/webapp-base/shipreq/webapp/base/protocol/binary/SafePickler.scala	5176
file:/shipreq/webapp-base/shipreq/webapp/base/protocol/binary/v1/BaseData.scala	767
file:/shipreq/webapp-base/shipreq/webapp/base/protocol/entrypoint/ClientSideProcImpl.scala	115
file:/shipreq/webapp-base/shipreq/webapp/base/protocol/entrypoint/ClientSideProc.scala	276
file:/shipreq/webapp-base/shipreq/webapp/base/protocol/Protocol.scala	814
file:/shipreq/webapp-base/shipreq/webapp/base/protocol/ServerSideProcInvoker.scala	1456
file:/shipreq/webapp-base/shipreq/webapp/base/protocol/Version.scala	1529
file:/shipreq/webapp-base/shipreq/webapp/base/ui/GeneralTheme.scala	323
file:/shipreq/webapp-base/shipreq/webapp/base/ui/NoContentMessage.scala	114
file:/shipreq/webapp-base/shipreq/webapp/base/ui/semantic/Breadcrumb.scala	2959
file:/shipreq/webapp-base/shipreq/webapp/base/ui/semantic/Button.scala	2057
file:/shipreq/webapp-base/shipreq/webapp/base/ui/semantic/common.scala	1771
file:/shipreq/webapp-base/shipreq/webapp/base/ui/semantic/Dropdown.scala	2611
file:/shipreq/webapp-base/shipreq/webapp/base/ui/semantic/Icon.scala	1143
file:/shipreq/webapp-base/shipreq/webapp/base/ui/semantic/Input.scala	512
file:/shipreq/webapp-base/shipreq/webapp/base/ui/semantic/JQuery.scala	166
file:/shipreq/webapp-base/shipreq/webapp/base/ui/semantic/Label.scala	973
file:/shipreq/webapp-base/shipreq/webapp/base/ui/semantic/Menu.scala	5492
file:/shipreq/webapp-base/shipreq/webapp/base/ui/semantic/Message.scala	1112
file:/shipreq/webapp-base/shipreq/webapp/base/ui/semantic/Modal.scala	190
file:/shipreq/webapp-base/shipreq/webapp/base/ui/semantic/package.scala	1114
file:/shipreq/webapp-base/shipreq/webapp/base/ui/semantic/Statistic.scala	2930
file:/shipreq/webapp-base/shipreq/webapp/base/Urls.scala	1391
file:/shipreq/webapp-base/shipreq/webapp/base/user/UserData.scala	269
file:/shipreq/webapp-base/shipreq/webapp/base/util/CallbackHelpers.scala	493
file:/shipreq/webapp-base/shipreq/webapp/base/util/CharSubset.scala	2722
file:/shipreq/webapp-base/shipreq/webapp/base/util/TextMod.scala	692
file:/shipreq/webapp-base/shipreq/webapp/base/validation/CommonValidation.scala	837
file:/shipreq/webapp-base/shipreq/webapp/base/validation/Composite.scala	109
file:/shipreq/webapp-base/shipreq/webapp/base/validation/Generic.scala	3856
file:/shipreq/webapp-base/shipreq/webapp/base/validation/Implicits.scala	402
file:/shipreq/webapp-base/shipreq/webapp/base/validation/Simple.scala	355
file:/shipreq/webapp-base/shipreq/webapp/base/WebappConfig.scala	191
file:/shipreq/webapp-client-home/shipreq/webapp/client/home/Main.scala	254
file:/shipreq/webapp-client-home/shipreq/webapp/client/home/ui/Home.scala	5000
file:/shipreq/webapp-client-home/shipreq/webapp/client/home/ui/Styles.scala	782
https:/raw.githubusercontent.com/japgolly/microlibs-scala/v2.3/japgolly/microlibs/nonempty/NonEmptySet.scala	544
https:/raw.githubusercontent.com/japgolly/microlibs-scala/v2.3/japgolly/microlibs/nonempty/NonEmptyVector.scala	437
https:/raw.githubusercontent.com/japgolly/microlibs-scala/v2.3/japgolly/microlibs/stdlib_ext/StdlibExt.scala	219
https:/raw.githubusercontent.com/japgolly/microlibs-scala/v2.3/japgolly/microlibs/utils/Memo.scala	16
https:/raw.githubusercontent.com/japgolly/microlibs-scala/v2.3/japgolly/microlibs/utils/package.scala	176
https:/raw.githubusercontent.com/japgolly/microlibs-scala/v2.3/japgolly/microlibs/utils/PlatformJS.scala	204
https:/raw.githubusercontent.com/japgolly/scalacss/v0.6.1/ext-react/scalacss/React.scala	226
https:/raw.githubusercontent.com/japgolly/scalacss/v0.6.1/scalacss/defaults/DefaultSettings.scala	94
https:/raw.githubusercontent.com/japgolly/scalacss/v0.6.1/scalacss/defaults/Exports.scala	25
https:/raw.githubusercontent.com/japgolly/scalacss/v0.6.1/scalacss/defaults/PlatformExports.scala	517
https:/raw.githubusercontent.com/japgolly/scalacss/v0.6.1/scalacss/internal/Attr.scala	3854
https:/raw.githubusercontent.com/japgolly/scalacss/v0.6.1/scalacss/internal/Attrs.scala	19321
https:/raw.githubusercontent.com/japgolly/scalacss/v0.6.1/scalacss/internal/AVs.scala	1559
https:/raw.githubusercontent.com/japgolly/scalacss/v0.6.1/scalacss/internal/CanIUse2.scala	2430
https:/raw.githubusercontent.com/japgolly/scalacss/v0.6.1/scalacss/internal/CanIUse.scala	22161
https:/raw.githubusercontent.com/japgolly/scalacss/v0.6.1/scalacss/internal/Compose.scala	1809
https:/raw.githubusercontent.com/japgolly/scalacss/v0.6.1/scalacss/internal/Cond.scala	1367
https:/raw.githubusercontent.com/japgolly/scalacss/v0.6.1/scalacss/internal/CssEntry.scala	1629
https:/raw.githubusercontent.com/japgolly/scalacss/v0.6.1/scalacss/internal/Css.scala	1302
https:/raw.githubusercontent.com/japgolly/scalacss/v0.6.1/scalacss/internal/Data.scala	3791
https:/raw.githubusercontent.com/japgolly/scalacss/v0.6.1/scalacss/internal/Domain.scala	1175
https:/raw.githubusercontent.com/japgolly/scalacss/v0.6.1/scalacss/internal/Dsl.scala	4057
https:/raw.githubusercontent.com/japgolly/scalacss/v0.6.1/scalacss/internal/Env.scala	2319
https:/raw.githubusercontent.com/japgolly/scalacss/v0.6.1/scalacss/internal/generated.scala	1322
https:/raw.githubusercontent.com/japgolly/scalacss/v0.6.1/scalacss/internal/Media.scala	375
https:/raw.githubusercontent.com/japgolly/scalacss/v0.6.1/scalacss/internal/mutable/Mutex.scala	246
https:/raw.githubusercontent.com/japgolly/scalacss/v0.6.1/scalacss/internal/mutable/Register.scala	2574
https:/raw.githubusercontent.com/japgolly/scalacss/v0.6.1/scalacss/internal/mutable/Settings.scala	44
https:/raw.githubusercontent.com/japgolly/scalacss/v0.6.1/scalacss/internal/mutable/StyleSheet.scala	2449
https:/raw.githubusercontent.com/japgolly/scalacss/v0.6.1/scalacss/internal/Need.scala	225
https:/raw.githubusercontent.com/japgolly/scalacss/v0.6.1/scalacss/internal/NonEmptyVector.scala	1406
https:/raw.githubusercontent.com/japgolly/scalacss/v0.6.1/scalacss/internal/package.scala	945
https:/raw.githubusercontent.com/japgolly/scalacss/v0.6.1/scalacss/internal/Platform.scala	4
https:/raw.githubusercontent.com/japgolly/scalacss/v0.6.1/scalacss/internal/Pseudo.scala	4174
https:/raw.githubusercontent.com/japgolly/scalacss/v0.6.1/scalacss/internal/Renderer.scala	4445
https:/raw.githubusercontent.com/japgolly/scalacss/v0.6.1/scalacss/internal/StyleA.scala	795
https:/raw.githubusercontent.com/japgolly/scalacss/v0.6.1/scalacss/internal/StyleLookup.scala	448
https:/raw.githubusercontent.com/japgolly/scalacss/v0.6.1/scalacss/internal/Style.scala	2405
https:/raw.githubusercontent.com/japgolly/scalacss/v0.6.1/scalacss/internal/Values.scala	2224
https:/raw.githubusercontent.com/japgolly/scalacss/v0.6.1/scalacss/internal/ValueT.scala	11602
https:/raw.githubusercontent.com/japgolly/scalacss/v0.6.1/scalacss/package.scala	205
https:/raw.githubusercontent.com/japgolly/scalajs-react/v1.7.3/core/AsyncCallback.scala	2162
https:/raw.githubusercontent.com/japgolly/scalajs-react/v1.7.3/core/CallbackKleisli.scala	1096
https:/raw.githubusercontent.com/japgolly/scalajs-react/v1.7.3/core/CallbackOption.scala	572
https:/raw.githubusercontent.com/japgolly/scalajs-react/v1.7.3/core/Callback.scala	2939
https:/raw.githubusercontent.com/japgolly/scalajs-react/v1.7.3/core/component/builder/Builder.scala	2003
https:/raw.githubusercontent.com/japgolly/scalajs-react/v1.7.3/core/component/builder/EntryPoint.scala	175
https:/raw.githubusercontent.com/japgolly/scalajs-react/v1.7.3/core/component/builder/InitState.scala	510
https:/raw.githubusercontent.com/japgolly/scalajs-react/v1.7.3/core/component/builder/Lifecycle.scala	7075
https:/raw.githubusercontent.com/japgolly/scalajs-react/v1.7.3/core/component/builder/ViaReactComponent.scala	2745
https:/raw.githubusercontent.com/japgolly/scalajs-react/v1.7.3/core/ComponentDom.scala	1127
https:/raw.githubusercontent.com/japgolly/scalajs-react/v1.7.3/core/component/Generic.scala	165
https:/raw.githubusercontent.com/japgolly/scalajs-react/v1.7.3/core/component/JsBaseComponentTemplate.scala	887
https:/raw.githubusercontent.com/japgolly/scalajs-react/v1.7.3/core/component/JsFn.scala	700
https:/raw.githubusercontent.com/japgolly/scalajs-react/v1.7.3/core/component/JsForwardRef.scala	125
https:/raw.githubusercontent.com/japgolly/scalajs-react/v1.7.3/core/component/Js.scala	1728
https:/raw.githubusercontent.com/japgolly/scalajs-react/v1.7.3/core/component/ScalaFn.scala	334
https:/raw.githubusercontent.com/japgolly/scalajs-react/v1.7.3/core/component/ScalaForwardRef.scala	95
https:/raw.githubusercontent.com/japgolly/scalajs-react/v1.7.3/core/component/Scala.scala	1042
https:/raw.githubusercontent.com/japgolly/scalajs-react/v1.7.3/core/component/Template.scala	905
https:/raw.githubusercontent.com/japgolly/scalajs-react/v1.7.3/core/CtorType.scala	2266
https:/raw.githubusercontent.com/japgolly/scalajs-react/v1.7.3/core/events.scala	197
https:/raw.githubusercontent.com/japgolly/scalajs-react/v1.7.3/core/internal/AutoComponentName.scala	184
https:/raw.githubusercontent.com/japgolly/scalajs-react/v1.7.3/core/internal/Box.scala	388
https:/raw.githubusercontent.com/japgolly/scalajs-react/v1.7.3/core/internal/Effect.scala	1283
https:/raw.githubusercontent.com/japgolly/scalajs-react/v1.7.3/core/internal/JsRepr.scala	463
https:/raw.githubusercontent.com/japgolly/scalajs-react/v1.7.3/core/internal/JsUtil.scala	705
https:/raw.githubusercontent.com/japgolly/scalajs-react/v1.7.3/core/internal/Optics.scala	682
https:/raw.githubusercontent.com/japgolly/scalajs-react/v1.7.3/core/internal/OptionLike.scala	254
https:/raw.githubusercontent.com/japgolly/scalajs-react/v1.7.3/core/internal/package.scala	483
https:/raw.githubusercontent.com/japgolly/scalajs-react/v1.7.3/core/internal/Profunctor.scala	135
https:/raw.githubusercontent.com/japgolly/scalajs-react/v1.7.3/core/internal/Semigroup.scala	358
https:/raw.githubusercontent.com/japgolly/scalajs-react/v1.7.3/core/internal/Singleton.scala	333
https:/raw.githubusercontent.com/japgolly/scalajs-react/v1.7.3/core/internal/SyncPromise.scala	623
https:/raw.githubusercontent.com/japgolly/scalajs-react/v1.7.3/core/internal/Trampoline.scala	1873
https:/raw.githubusercontent.com/japgolly/scalajs-react/v1.7.3/core/package.scala	296
https:/raw.githubusercontent.com/japgolly/scalajs-react/v1.7.3/core/ReactCaughtError.scala	763
https:/raw.githubusercontent.com/japgolly/scalajs-react/v1.7.3/core/Reusability.scala	951
https:/raw.githubusercontent.com/japgolly/scalajs-react/v1.7.3/core/Reusable.scala	1719
https:/raw.githubusercontent.com/japgolly/scalajs-react/v1.7.3/core/ScalaJsReactConfig.scala	265
https:/raw.githubusercontent.com/japgolly/scalajs-react/v1.7.3/core/SetStateFns.scala	250
https:/raw.githubusercontent.com/japgolly/scalajs-react/v1.7.3/core/StateAccessor.scala	441
https:/raw.githubusercontent.com/japgolly/scalajs-react/v1.7.3/core/StateAccess.scala	281
https:/raw.githubusercontent.com/japgolly/scalajs-react/v1.7.3/core/vdom/Attr.scala	1760
https:/raw.githubusercontent.com/japgolly/scalajs-react/v1.7.3/core/vdom/Builder.scala	1085
https:/raw.githubusercontent.com/japgolly/scalajs-react/v1.7.3/core/vdom/Exports.scala	402
https:/raw.githubusercontent.com/japgolly/scalajs-react/v1.7.3/core/vdom/HtmlAttrs.scala	456
https:/raw.githubusercontent.com/japgolly/scalajs-react/v1.7.3/core/vdom/HtmlStyles.scala	1223
https:/raw.githubusercontent.com/japgolly/scalajs-react/v1.7.3/core/vdom/HtmlTags.scala	1200
https:/raw.githubusercontent.com/japgolly/scalajs-react/v1.7.3/core/vdom/Implicits.scala	595
https:/raw.githubusercontent.com/japgolly/scalajs-react/v1.7.3/core/vdom/Namespace.scala	192
https:/raw.githubusercontent.com/japgolly/scalajs-react/v1.7.3/core/vdom/Packages.scala	1312
https:/raw.githubusercontent.com/japgolly/scalajs-react/v1.7.3/core/vdom/ReactPortal.scala	97
https:/raw.githubusercontent.com/japgolly/scalajs-react/v1.7.3/core/vdom/Style.scala	416
https:/raw.githubusercontent.com/japgolly/scalajs-react/v1.7.3/core/vdom/TagMod.scala	1046
https:/raw.githubusercontent.com/japgolly/scalajs-react/v1.7.3/core/vdom/Tag.scala	953
https:/raw.githubusercontent.com/japgolly/scalajs-react/v1.7.3/core/vdom/VdomArray.scala	96
https:/raw.githubusercontent.com/japgolly/scalajs-react/v1.7.3/core/vdom/VdomElement.scala	458
https:/raw.githubusercontent.com/japgolly/scalajs-react/v1.7.3/core/vdom/VdomNode.scala	596
https:/raw.githubusercontent.com/japgolly/scalajs-react/v1.7.3/extra/Ajax.scala	1909
https:/raw.githubusercontent.com/japgolly/scalajs-react/v1.7.3/extra/OnUnmount.scala	336
https:/raw.githubusercontent.com/japgolly/scalajs-react/v1.7.3/extra/StateSnapshot.scala	260
https:/raw.githubusercontent.com/japgolly/scalajs-react/v1.7.3/extra/TimerSupport.scala	234
https:/raw.githubusercontent.com/japgolly/scalajs-react/v1.7.3/monocle-scalaz/internal/MonocleExtComponent.scala	203
https:/raw.githubusercontent.com/japgolly/univeq/v1.2.1/japgolly/univeq/package.scala	1
https:/raw.githubusercontent.com/japgolly/univeq/v1.2.1/japgolly/univeq/UnivEq.scala	288
https:/raw.githubusercontent.com/japgolly/univeq/v1.2.1/shared/src/main/scala-2.13/ScalaUnivEq.scala	15
https:/raw.githubusercontent.com/julien-truffaut/Monocle/v1.6.3/core/monocle/Lens.scala	20
https:/raw.githubusercontent.com/scala-js/scala-js-dom/v1.0.0/org/scalajs/dom/ext/Extensions.scala	320
https:/raw.githubusercontent.com/scala-js/scala-js-dom/v1.0.0/org/scalajs/dom/package.scala	469
https:/raw.githubusercontent.com/scala-js/v1.1.1/javalanglib/java/lang/Appendable.scala	2
https:/raw.githubusercontent.com/scala-js/v1.1.1/javalanglib/java/lang/Boolean.scala	105
https:/raw.githubusercontent.com/scala-js/v1.1.1/javalanglib/java/lang/Byte.scala	90
https:/raw.githubusercontent.com/scala-js/v1.1.1/javalanglib/java/lang/Character.scala	1260
https:/raw.githubusercontent.com/scala-js/v1.1.1/javalanglib/java/lang/Class.scala	413
https:/raw.githubusercontent.com/scala-js/v1.1.1/javalanglib/java/lang/Double.scala	172
https:/raw.githubusercontent.com/scala-js/v1.1.1/javalanglib/java/lang/Enum.scala	131
https:/raw.githubusercontent.com/scala-js/v1.1.1/javalanglib/java/lang/FloatingPointBits.scala	538
https:/raw.githubusercontent.com/scala-js/v1.1.1/javalanglib/java/lang/Float.scala	60
https:/raw.githubusercontent.com/scala-js/v1.1.1/javalanglib/java/lang/Integer.scala	2310
https:/raw.githubusercontent.com/scala-js/v1.1.1/javalanglib/java/lang/Long.scala	366
https:/raw.githubusercontent.com/scala-js/v1.1.1/javalanglib/java/lang/Math.scala	1567
https:/raw.githubusercontent.com/scala-js/v1.1.1/javalanglib/java/lang/Number.scala	80
https:/raw.githubusercontent.com/scala-js/v1.1.1/javalanglib/java/lang/reflect/Array.scala	393
https:/raw.githubusercontent.com/scala-js/v1.1.1/javalanglib/java/lang/Short.scala	81
https:/raw.githubusercontent.com/scala-js/v1.1.1/javalanglib/java/lang/StackTraceElement.scala	497
https:/raw.githubusercontent.com/scala-js/v1.1.1/javalanglib/java/lang/StackTrace.scala	4828
https:/raw.githubusercontent.com/scala-js/v1.1.1/javalanglib/java/lang/StringBuffer.scala	317
https:/raw.githubusercontent.com/scala-js/v1.1.1/javalanglib/java/lang/StringBuilder.scala	977
https:/raw.githubusercontent.com/scala-js/v1.1.1/javalanglib/java/lang/_String.scala	3600
https:/raw.githubusercontent.com/scala-js/v1.1.1/javalanglib/java/lang/System.scala	2700
https:/raw.githubusercontent.com/scala-js/v1.1.1/javalanglib/java/lang/Throwables.scala	3562
https:/raw.githubusercontent.com/scala-js/v1.1.1/javalanglib/java/lang/Utils.scala	452
https:/raw.githubusercontent.com/scala-js/v1.1.1/javalanglib/java/lang/Void.scala	128
https:/raw.githubusercontent.com/scala-js/v1.1.1/javalib/java/io/Closeable.scala	24
https:/raw.githubusercontent.com/scala-js/v1.1.1/javalib/java/io/FilterOutputStream.scala	46
https:/raw.githubusercontent.com/scala-js/v1.1.1/javalib/java/io/OutputStream.scala	28
https:/raw.githubusercontent.com/scala-js/v1.1.1/javalib/java/io/PrintStream.scala	100
https:/raw.githubusercontent.com/scala-js/v1.1.1/javalib/java/nio/BufferOverflowException.scala	107
https:/raw.githubusercontent.com/scala-js/v1.1.1/javalib/java/nio/Buffer.scala	1741
https:/raw.githubusercontent.com/scala-js/v1.1.1/javalib/java/nio/BufferUnderflowException.scala	107
https:/raw.githubusercontent.com/scala-js/v1.1.1/javalib/java/nio/ByteArrayBits.scala	808
https:/raw.githubusercontent.com/scala-js/v1.1.1/javalib/java/nio/ByteBuffer.scala	1053
https:/raw.githubusercontent.com/scala-js/v1.1.1/javalib/java/nio/ByteOrder.scala	529
https:/raw.githubusercontent.com/scala-js/v1.1.1/javalib/java/nio/GenBuffer.scala	807
https:/raw.githubusercontent.com/scala-js/v1.1.1/javalib/java/nio/GenHeapBuffer.scala	162
https:/raw.githubusercontent.com/scala-js/v1.1.1/javalib/java/nio/HeapByteBuffer.scala	517
https:/raw.githubusercontent.com/scala-js/v1.1.1/javalib/java/nio/ReadOnlyBufferException.scala	112
https:/raw.githubusercontent.com/scala-js/v1.1.1/javalib/java/nio/TypedArrayByteBuffer.scala	961
https:/raw.githubusercontent.com/scala-js/v1.1.1/javalib/java/util/Arrays.scala	7180
https:/raw.githubusercontent.com/scala-js/v1.1.1/javalib/java/util/concurrent/atomic/AtomicInteger.scala	188
https:/raw.githubusercontent.com/scala-js/v1.1.1/javalib/java/util/concurrent/TimeUnit.scala	3277
https:/raw.githubusercontent.com/scala-js/v1.1.1/javalib/java/util/Formattable.scala	25
https:/raw.githubusercontent.com/scala-js/v1.1.1/javalib/java/util/Formatter.scala	5257
https:/raw.githubusercontent.com/scala-js/v1.1.1/javalib/java/util/regex/GroupStartMapper.scala	4004
https:/raw.githubusercontent.com/scala-js/v1.1.1/javalib/java/util/regex/Matcher.scala	1702
https:/raw.githubusercontent.com/scala-js/v1.1.1/javalib/java/util/regex/Pattern.scala	2157
https:/raw.githubusercontent.com/scala-js/v1.1.1/javalib/java/util/ScalaOps.scala	51
https:/raw.githubusercontent.com/scala-js/v1.1.1/javalib/java/util/Throwables.scala	2074
https:/raw.githubusercontent.com/scala-js/v1.1.1/javalib/scala/scalajs/js/typedarray/TypedArrayBufferBridge.scala	19
https:/raw.githubusercontent.com/scala-js/v1.1.1/library-aux/scala/runtime/RefTypes.scala	504
https:/raw.githubusercontent.com/scala-js/v1.1.1/library-aux/scala/runtime/Statics.scala	5490
https:/raw.githubusercontent.com/scala-js/v1.1.1/library/scala/scalajs/js/Dynamic.scala	206
https:/raw.githubusercontent.com/scala-js/v1.1.1/library/scala/scalajs/js/JavaScriptException.scala	323
https:/raw.githubusercontent.com/scala-js/v1.1.1/library/scala/scalajs/js/JSNumberOps.scala	2
https:/raw.githubusercontent.com/scala-js/v1.1.1/library/scala/scalajs/js/package.scala	186
https:/raw.githubusercontent.com/scala-js/v1.1.1/library/scala/scalajs/js/special/package.scala	194
https:/raw.githubusercontent.com/scala-js/v1.1.1/library/scala/scalajs/js/ThisFunction.scala	379
https:/raw.githubusercontent.com/scala-js/v1.1.1/library/scala/scalajs/js/typedarray/DataViewExt.scala	116
https:/raw.githubusercontent.com/scala-js/v1.1.1/library/scala/scalajs/js/UndefOrOps.scala	294
https:/raw.githubusercontent.com/scala-js/v1.1.1/library/scala/scalajs/js/Union.scala	9
https:/raw.githubusercontent.com/scala-js/v1.1.1/library/scala/scalajs/runtime/AnonFunctions.scala	854
https:/raw.githubusercontent.com/scala-js/v1.1.1/library/scala/scalajs/runtime/package.scala	241
https:/raw.githubusercontent.com/scala-js/v1.1.1/library/scala/scalajs/runtime/PrivateFieldsSymbolHolder.scala	202
https:/raw.githubusercontent.com/scala-js/v1.1.1/library/src/main/scala-new-collections/scala/scalajs/js/Any.scala	466
https:/raw.githubusercontent.com/scala-js/v1.1.1/library/src/main/scala-new-collections/scala/scalajs/js/ArrayOps.scala	468
https:/raw.githubusercontent.com/scala-js/v1.1.1/library/src/main/scala-new-collections/scala/scalajs/js/JSConverters.scala	176
https:/raw.githubusercontent.com/scala-js/v1.1.1/library/src/main/scala-new-collections/scala/scalajs/js/WrappedArray.scala	978
https:/raw.githubusercontent.com/scala-js/v1.1.1/library/src/main/scala-new-collections/scala/scalajs/runtime/Compat.scala	228
https:/raw.githubusercontent.com/scala-js/v1.1.1/library/src/main/scala-new-collections/scala/scalajs/runtime/WrappedVarArgs.scala	8032
https:/raw.githubusercontent.com/scala-js/v1.1.1/linker-private-library/org/scalajs/linker/runtime/RuntimeLong.scala	11751
https:/raw.githubusercontent.com/scala-js/v1.1.1/scalalib/overrides-2.13/scala/Array.scala	2235
https:/raw.githubusercontent.com/scala-js/v1.1.1/scalalib/overrides-2.13/scala/collection/immutable/NumericRange.scala	4013
https:/raw.githubusercontent.com/scala-js/v1.1.1/scalalib/overrides-2.13/scala/collection/immutable/Range.scala	6160
https:/raw.githubusercontent.com/scala-js/v1.1.1/scalalib/overrides-2.13/scala/collection/mutable/ArrayBuilder.scala	1180
https:/raw.githubusercontent.com/scala-js/v1.1.1/scalalib/overrides-2.13/scala/collection/mutable/Buffer.scala	52
https:/raw.githubusercontent.com/scala-js/v1.1.1/scalalib/overrides-2.13/scala/package.scala	223
https:/raw.githubusercontent.com/scala-js/v1.1.1/scalalib/overrides-2.13/scala/reflect/ClassTag.scala	812
https:/raw.githubusercontent.com/scala-js/v1.1.1/scalalib/overrides-2.13/scala/reflect/Manifest.scala	5587
https:/raw.githubusercontent.com/scala-js/v1.1.1/scalalib/overrides-2.13/scala/runtime/ScalaRunTime.scala	5335
https:/raw.githubusercontent.com/scala-js/v1.1.1/scalalib/overrides/scala/runtime/BoxesRunTime.scala	1828
https:/raw.githubusercontent.com/scala/v2.13.2/collection/ArrayOps.scala	4852
https:/raw.githubusercontent.com/scala/v2.13.2/collection/Factory.scala	1539
https:/raw.githubusercontent.com/scala/v2.13.2/collection/Hashing.scala	195
https:/raw.githubusercontent.com/scala/v2.13.2/collection/immutable/ArraySeq.scala	7429
https:/raw.githubusercontent.com/scala/v2.13.2/collection/immutable/ChampCommon.scala	1971
https:/raw.githubusercontent.com/scala/v2.13.2/collection/immutable/HashMap.scala	12581
https:/raw.githubusercontent.com/scala/v2.13.2/collection/immutable/HashSet.scala	12718
https:/raw.githubusercontent.com/scala/v2.13.2/collection/immutable/Iterable.scala	288
https:/raw.githubusercontent.com/scala/v2.13.2/collection/immutable/LazyList.scala	5812
https:/raw.githubusercontent.com/scala/v2.13.2/collection/immutable/ListMap.scala	3623
https:/raw.githubusercontent.com/scala/v2.13.2/collection/immutable/List.scala	6532
https:/raw.githubusercontent.com/scala/v2.13.2/collection/immutable/ListSet.scala	1875
https:/raw.githubusercontent.com/scala/v2.13.2/collection/immutable/Map.scala	11230
https:/raw.githubusercontent.com/scala/v2.13.2/collection/immutable/RedBlackTree.scala	9398
https:/raw.githubusercontent.com/scala/v2.13.2/collection/immutable/Seq.scala	1284
https:/raw.githubusercontent.com/scala/v2.13.2/collection/immutable/Set.scala	8306
https:/raw.githubusercontent.com/scala/v2.13.2/collection/immutable/SortedMap.scala	167
https:/raw.githubusercontent.com/scala/v2.13.2/collection/immutable/SortedSet.scala	197
https:/raw.githubusercontent.com/scala/v2.13.2/collection/immutable/Stream.scala	2648
https:/raw.githubusercontent.com/scala/v2.13.2/collection/immutable/StrictOptimizedSeqOps.scala	12
https:/raw.githubusercontent.com/scala/v2.13.2/collection/immutable/TreeMap.scala	2384
https:/raw.githubusercontent.com/scala/v2.13.2/collection/immutable/TreeSet.scala	2655
https:/raw.githubusercontent.com/scala/v2.13.2/collection/immutable/Vector.scala	47570
https:/raw.githubusercontent.com/scala/v2.13.2/collection/immutable/WrappedString.scala	1073
https:/raw.githubusercontent.com/scala/v2.13.2/collection/IndexedSeq.scala	2283
https:/raw.githubusercontent.com/scala/v2.13.2/collection/IndexedSeqView.scala	4668
https:/raw.githubusercontent.com/scala/v2.13.2/collection/IterableOnce.scala	3156
https:/raw.githubusercontent.com/scala/v2.13.2/collection/Iterable.scala	1762
https:/raw.githubusercontent.com/scala/v2.13.2/collection/Iterator.scala	6637
https:/raw.githubusercontent.com/scala/v2.13.2/collection/LinearSeq.scala	1623
https:/raw.githubusercontent.com/scala/v2.13.2/collection/Map.scala	2263
https:/raw.githubusercontent.com/scala/v2.13.2/collection/MapView.scala	820
https:/raw.githubusercontent.com/scala/v2.13.2/collection/mutable/AnyRefMap.scala	4251
https:/raw.githubusercontent.com/scala/v2.13.2/collection/mutable/ArrayBuffer.scala	2548
https:/raw.githubusercontent.com/scala/v2.13.2/collection/mutable/ArrayDeque.scala	3243
https:/raw.githubusercontent.com/scala/v2.13.2/collection/mutable/ArraySeq.scala	6278
https:/raw.githubusercontent.com/scala/v2.13.2/collection/mutable/Builder.scala	409
https:/raw.githubusercontent.com/scala/v2.13.2/collection/mutable/GrowableBuilder.scala	236
https:/raw.githubusercontent.com/scala/v2.13.2/collection/mutable/Growable.scala	295
https:/raw.githubusercontent.com/scala/v2.13.2/collection/mutable/HashMap.scala	4481
https:/raw.githubusercontent.com/scala/v2.13.2/collection/mutable/ImmutableBuilder.scala	127
https:/raw.githubusercontent.com/scala/v2.13.2/collection/mutable/IndexedSeq.scala	156
https:/raw.githubusercontent.com/scala/v2.13.2/collection/mutable/Iterable.scala	152
https:/raw.githubusercontent.com/scala/v2.13.2/collection/mutable/ListBuffer.scala	1260
https:/raw.githubusercontent.com/scala/v2.13.2/collection/mutable/Map.scala	322
https:/raw.githubusercontent.com/scala/v2.13.2/collection/mutable/Queue.scala	623
https:/raw.githubusercontent.com/scala/v2.13.2/collection/mutable/Seq.scala	22
https:/raw.githubusercontent.com/scala/v2.13.2/collection/mutable/StringBuilder.scala	1178
https:/raw.githubusercontent.com/scala/v2.13.2/collection/package.scala	190
https:/raw.githubusercontent.com/scala/v2.13.2/collection/SeqMap.scala	16
https:/raw.githubusercontent.com/scala/v2.13.2/collection/Seq.scala	1607
https:/raw.githubusercontent.com/scala/v2.13.2/collection/SeqView.scala	5266
https:/raw.githubusercontent.com/scala/v2.13.2/collection/Set.scala	489
https:/raw.githubusercontent.com/scala/v2.13.2/collection/SortedMap.scala	165
https:/raw.githubusercontent.com/scala/v2.13.2/collection/SortedSet.scala	43
https:/raw.githubusercontent.com/scala/v2.13.2/collection/StrictOptimizedIterableOps.scala	365
https:/raw.githubusercontent.com/scala/v2.13.2/collection/StrictOptimizedSeqOps.scala	161
https:/raw.githubusercontent.com/scala/v2.13.2/collection/StringOps.scala	1317
https:/raw.githubusercontent.com/scala/v2.13.2/collection/View.scala	3588
https:/raw.githubusercontent.com/scala/v2.13.2/collection/WithFilter.scala	22
https:/raw.githubusercontent.com/scala/v2.13.2/concurrent/duration/Duration.scala	1381
https:/raw.githubusercontent.com/scala/v2.13.2/concurrent/duration/package.scala	269
https:/raw.githubusercontent.com/scala/v2.13.2/Function0.scala	59
https:/raw.githubusercontent.com/scala/v2.13.2/Function1.scala	296
https:/raw.githubusercontent.com/scala/v2.13.2/Function2.scala	56
https:/raw.githubusercontent.com/scala/v2.13.2/Function3.scala	27
https:/raw.githubusercontent.com/scala/v2.13.2/Function4.scala	27
https:/raw.githubusercontent.com/scala/v2.13.2/MatchError.scala	367
https:/raw.githubusercontent.com/scala/v2.13.2/math/Equiv.scala	104
https:/raw.githubusercontent.com/scala/v2.13.2/math/Fractional.scala	99
https:/raw.githubusercontent.com/scala/v2.13.2/math/Integral.scala	353
https:/raw.githubusercontent.com/scala/v2.13.2/math/Numeric.scala	2680
https:/raw.githubusercontent.com/scala/v2.13.2/math/Ordered.scala	94
https:/raw.githubusercontent.com/scala/v2.13.2/math/Ordering.scala	3549
https:/raw.githubusercontent.com/scala/v2.13.2/math/package.scala	95
https:/raw.githubusercontent.com/scala/v2.13.2/Option.scala	2651
https:/raw.githubusercontent.com/scala/v2.13.2/PartialFunction.scala	499
https:/raw.githubusercontent.com/scala/v2.13.2/Predef.scala	10562
https:/raw.githubusercontent.com/scala/v2.13.2/Product2.scala	129
https:/raw.githubusercontent.com/scala/v2.13.2/Product3.scala	141
https:/raw.githubusercontent.com/scala/v2.13.2/Product4.scala	171
https:/raw.githubusercontent.com/scala/v2.13.2/Proxy.scala	2
https:/raw.githubusercontent.com/scala/v2.13.2/reflect/NoManifest.scala	127
https:/raw.githubusercontent.com/scala/v2.13.2/runtime/AbstractFunction0.scala	20
https:/raw.githubusercontent.com/scala/v2.13.2/runtime/AbstractFunction1.scala	78
https:/raw.githubusercontent.com/scala/v2.13.2/runtime/AbstractFunction2.scala	23
https:/raw.githubusercontent.com/scala/v2.13.2/runtime/AbstractFunction3.scala	23
https:/raw.githubusercontent.com/scala/v2.13.2/runtime/AbstractFunction4.scala	24
https:/raw.githubusercontent.com/scala/v2.13.2/runtime/LazyRef.scala	248
https:/raw.githubusercontent.com/scala/v2.13.2/runtime/Nothing$.scala	34
https:/raw.githubusercontent.com/scala/v2.13.2/runtime/Null$.scala	29
https:/raw.githubusercontent.com/scala/v2.13.2/runtime/RichChar.scala	364
https:/raw.githubusercontent.com/scala/v2.13.2/runtime/ScalaNumberProxy.scala	15
https:/raw.githubusercontent.com/scala/v2.13.2/sys/package.scala	133
https:/raw.githubusercontent.com/scala/v2.13.2/Tuple2.scala	935
https:/raw.githubusercontent.com/scala/v2.13.2/Tuple3.scala	391
https:/raw.githubusercontent.com/scala/v2.13.2/Tuple4.scala	409
https:/raw.githubusercontent.com/scala/v2.13.2/typeConstraints.scala	455
https:/raw.githubusercontent.com/scala/v2.13.2/util/control/NonFatal.scala	97
https:/raw.githubusercontent.com/scala/v2.13.2/util/Either.scala	1146
https:/raw.githubusercontent.com/scala/v2.13.2/util/hashing/MurmurHash3.scala	7784
https:/raw.githubusercontent.com/scala/v2.13.2/util/matching/Regex.scala	2202
https:/raw.githubusercontent.com/scala/v2.13.2/util/Sorting.scala	3600
https:/raw.githubusercontent.com/scala/v2.13.2/util/Try.scala	613
https:/raw.githubusercontent.com/scalaz/scalaz/40ca3a4245bebe113cd7fb97179f0071d00ef5d9/core/scalaz/Applicative.scala	146
https:/raw.githubusercontent.com/scalaz/scalaz/40ca3a4245bebe113cd7fb97179f0071d00ef5d9/core/scalaz/Apply.scala	139
https:/raw.githubusercontent.com/scalaz/scalaz/40ca3a4245bebe113cd7fb97179f0071d00ef5d9/core/scalaz/Either.scala	815
https:/raw.githubusercontent.com/scalaz/scalaz/40ca3a4245bebe113cd7fb97179f0071d00ef5d9/core/scalaz/Endo.scala	804
https:/raw.githubusercontent.com/scalaz/scalaz/40ca3a4245bebe113cd7fb97179f0071d00ef5d9/core/scalaz/Functor.scala	135
https:/raw.githubusercontent.com/scalaz/scalaz/40ca3a4245bebe113cd7fb97179f0071d00ef5d9/core/scalaz/InvariantFunctor.scala	139
https:/raw.githubusercontent.com/scalaz/scalaz/40ca3a4245bebe113cd7fb97179f0071d00ef5d9/core/scalaz/Isomorphism.scala	260
https:/raw.githubusercontent.com/scalaz/scalaz/40ca3a4245bebe113cd7fb97179f0071d00ef5d9/core/scalaz/Semigroup.scala	126
https:/raw.githubusercontent.com/scalaz/scalaz/40ca3a4245bebe113cd7fb97179f0071d00ef5d9/core/scalaz/Unzip.scala	131
https:/raw.githubusercontent.com/scalaz/scalaz/40ca3a4245bebe113cd7fb97179f0071d00ef5d9/core/scalaz/Zip.scala	131
https:/raw.githubusercontent.com/suzaku-io/boopickle/v1.3.3/boopickle/BufferPool.scala	1018
https:/raw.githubusercontent.com/suzaku-io/boopickle/v1.3.3/boopickle/BufferProvider.scala	647
https:/raw.githubusercontent.com/suzaku-io/boopickle/v1.3.3/boopickle/CodecSize.scala	1294
https:/raw.githubusercontent.com/suzaku-io/boopickle/v1.3.3/boopickle/Constants.scala	283
https:/raw.githubusercontent.com/suzaku-io/boopickle/v1.3.3/boopickle/DefaultByteBufferProvider.scala	6
https:/raw.githubusercontent.com/suzaku-io/boopickle/v1.3.3/boopickle/Default.scala	749
https:/raw.githubusercontent.com/suzaku-io/boopickle/v1.3.3/boopickle/IdentList.scala	1118
https:/raw.githubusercontent.com/suzaku-io/boopickle/v1.3.3/boopickle/IdentMap.scala	124
https:/raw.githubusercontent.com/suzaku-io/boopickle/v1.3.3/boopickle/Pickler.scala	3316
https:/raw.githubusercontent.com/suzaku-io/boopickle/v1.3.3/boopickle/StringCodecBase.scala	612
https:/raw.githubusercontent.com/suzaku-io/boopickle/v1.3.3/boopickle/StringCodec.scala	916
https:/raw.githubusercontent.com/suzaku-io/boopickle/v1.3.3/shared/src/main/scala-2.13+/boopickle/XCompat.scala	1211
[no source]	1978
[unmapped]	7136
