[EOLs]	1424
file://localhome/doeraene/projects/scalajs-java-time/java/time/chrono/AbstractChronology.scala	89
file://localhome/doeraene/projects/scalajs-java-time/java/time/chrono/ChronoLocalDate.scala	79
file://localhome/doeraene/projects/scalajs-java-time/java/time/chrono/Chronology.scala	36
file://localhome/doeraene/projects/scalajs-java-time/java/time/chrono/IsoChronology.scala	369
file://localhome/doeraene/projects/scalajs-java-time/java/time/DateTimeException.scala	101
file://localhome/doeraene/projects/scalajs-java-time/java/time/Duration.scala	1830
file://localhome/doeraene/projects/scalajs-java-time/java/time/LocalDate.scala	2390
file://localhome/doeraene/projects/scalajs-java-time/java/time/Month.scala	2059
file://localhome/doeraene/projects/scalajs-java-time/java/time/Preconditions.scala	174
file://localhome/doeraene/projects/scalajs-java-time/java/time/temporal/ChronoField.scala	3640
file://localhome/doeraene/projects/scalajs-java-time/java/time/temporal/ChronoUnit.scala	1321
file://localhome/doeraene/projects/scalajs-java-time/java/time/temporal/TemporalAccessor.scala	356
file://localhome/doeraene/projects/scalajs-java-time/java/time/temporal/UnsupportedTemporalTypeException.scala	113
file://localhome/doeraene/projects/scalajs-java-time/java/time/temporal/ValueRange.scala	1427
file://localhome/doeraene/projects/scalajs-java-time/java/time/Year.scala	923
file:/shipreq/base-predef/shipreq/Predef.scala	271
file:/shipreq/base-predef/shipreq/PredefShared.scala	281
file:/shipreq/base-util/shipreq/base/util/BinaryData.scala	1042
file:/shipreq/base-util/shipreq/base/util/BinaryJs.scala	461
file:/shipreq/base-util/shipreq/base/util/Enabled.scala	742
file:/shipreq/base-util/shipreq/base/util/ErrorMsg.scala	590
file:/shipreq/base-util/shipreq/base/util/GenTuple.scala	1082
file:/shipreq/base-util/shipreq/base/util/Identity.scala	227
file:/shipreq/base-util/shipreq/base/util/IsoBool.scala	414
file:/shipreq/base-util/shipreq/base/util/JsExt.scala	207
file:/shipreq/base-util/shipreq/base/util/Permission.scala	806
file:/shipreq/base-util/shipreq/base/util/SetOnceVar.scala	147
file:/shipreq/base-util/shipreq/base/util/Url.scala	1845
file:/shipreq/base-util/shipreq/base/util/Util.scala	259
file:/shipreq/base-util/shipreq/base/util/Validity.scala	875
file:/shipreq/frontend/dist/prod/scala/AbstractAssetManifest.scala	9888
file:/shipreq/frontend/dist/prod/scala/AnalyticsConfig.scala	10
file:/shipreq/webapp-base/shipreq/webapp/base/config/AssetManifest.scala	1093
file:/shipreq/webapp-base/shipreq/webapp/base/config/GlobalSettings.scala	167
file:/shipreq/webapp-base/shipreq/webapp/base/config/Urls.scala	3286
file:/shipreq/webapp-base/shipreq/webapp/base/config/WebappConfig.scala	416
file:/shipreq/webapp-base/shipreq/webapp/base/data/EmailAddr.scala	398
file:/shipreq/webapp-base/shipreq/webapp/base/data/PersonName.scala	260
file:/shipreq/webapp-base/shipreq/webapp/base/data/PlainTextPassword.scala	269
file:/shipreq/webapp-base/shipreq/webapp/base/data/Username.scala	440
file:/shipreq/webapp-base/shipreq/webapp/base/data/VerificationToken.scala	271
file:/shipreq/webapp-base/shipreq/webapp/base/feature/AsyncFeature.scala	1956
file:/shipreq/webapp-base/shipreq/webapp/base/feature/ErrorHandlingFeature.scala	2614
file:/shipreq/webapp-base/shipreq/webapp/base/protocol/ajax/AjaxClient.scala	2346
file:/shipreq/webapp-base/shipreq/webapp/base/protocol/ajax/CommonProtocolsJs.scala	218
file:/shipreq/webapp-base/shipreq/webapp/base/protocol/ajax/CommonProtocols.scala	5625
file:/shipreq/webapp-base/shipreq/webapp/base/protocol/binary/SafePickler.scala	5131
file:/shipreq/webapp-base/shipreq/webapp/base/protocol/binary/v1/BaseData.scala	2502
file:/shipreq/webapp-base/shipreq/webapp/base/protocol/entrypoint/ClientSideProcImpl.scala	128
file:/shipreq/webapp-base/shipreq/webapp/base/protocol/entrypoint/ClientSideProc.scala	276
file:/shipreq/webapp-base/shipreq/webapp/base/protocol/Protocol.scala	812
file:/shipreq/webapp-base/shipreq/webapp/base/protocol/ServerSideProcInvoker.scala	1262
file:/shipreq/webapp-base/shipreq/webapp/base/protocol/Version.scala	1525
file:/shipreq/webapp-base/shipreq/webapp/base/protocol/webstorage/AbstractWebStorage.scala	655
file:/shipreq/webapp-base/shipreq/webapp/base/protocol/webstorage/WebStorageKey.scala	709
file:/shipreq/webapp-base/shipreq/webapp/base/ui/CommmonUiText.scala	286
file:/shipreq/webapp-base/shipreq/webapp/base/ui/GeneralTheme.scala	565
file:/shipreq/webapp-base/shipreq/webapp/base/ui/semantic/Button.scala	1983
file:/shipreq/webapp-base/shipreq/webapp/base/ui/semantic/common.scala	1013
file:/shipreq/webapp-base/shipreq/webapp/base/ui/semantic/Icon.scala	2121
file:/shipreq/webapp-base/shipreq/webapp/base/ui/semantic/Input.scala	1693
file:/shipreq/webapp-base/shipreq/webapp/base/ui/semantic/JQuery.scala	84
file:/shipreq/webapp-base/shipreq/webapp/base/ui/semantic/Message.scala	1939
file:/shipreq/webapp-base/shipreq/webapp/base/ui/semantic/package.scala	730
file:/shipreq/webapp-base/shipreq/webapp/base/ui/semantic/Transition.scala	7
file:/shipreq/webapp-base/shipreq/webapp/base/ui/widgets/Form.scala	7806
file:/shipreq/webapp-base/shipreq/webapp/base/util/Agreement.scala	919
file:/shipreq/webapp-base/shipreq/webapp/base/util/CallbackHelpers.scala	416
file:/shipreq/webapp-base/shipreq/webapp/base/util/CharSubset.scala	3029
file:/shipreq/webapp-base/shipreq/webapp/base/util/GoogleAnalytics.scala	404
file:/shipreq/webapp-base/shipreq/webapp/base/util/KeyHandler.scala	3688
file:/shipreq/webapp-base/shipreq/webapp/base/util/Obfuscated.scala	537
file:/shipreq/webapp-base/shipreq/webapp/base/util/On.scala	733
file:/shipreq/webapp-base/shipreq/webapp/base/util/TCB.scala	281
file:/shipreq/webapp-base/shipreq/webapp/base/util/TextMod.scala	1268
file:/shipreq/webapp-base/shipreq/webapp/base/validation/lib/CommonValidation.scala	1678
file:/shipreq/webapp-base/shipreq/webapp/base/validation/lib/Composite.scala	1167
file:/shipreq/webapp-base/shipreq/webapp/base/validation/lib/Generic.scala	7045
file:/shipreq/webapp-base/shipreq/webapp/base/validation/lib/Implicits.scala	584
file:/shipreq/webapp-base/shipreq/webapp/base/validation/lib/Simple.scala	511
file:/shipreq/webapp-base/shipreq/webapp/base/validation/lib/Uniqueness.scala	207
file:/shipreq/webapp-base/shipreq/webapp/base/validation/UserValidators.scala	1933
file:/shipreq/webapp-base/shipreq/webapp/base/validation/ValidationUX.scala	1540
file:/shipreq/webapp-client-public/shipreq/webapp/client/public/Main.scala	202
file:/shipreq/webapp-client-public/shipreq/webapp/client/public/pages/Common.scala	546
file:/shipreq/webapp-client-public/shipreq/webapp/client/public/pages/LandingPage.scala	5182
file:/shipreq/webapp-client-public/shipreq/webapp/client/public/pages/Legal.scala	9944
file:/shipreq/webapp-client-public/shipreq/webapp/client/public/pages/Login.scala	8300
file:/shipreq/webapp-client-public/shipreq/webapp/client/public/pages/Register1.scala	3669
file:/shipreq/webapp-client-public/shipreq/webapp/client/public/pages/Register2.scala	8120
file:/shipreq/webapp-client-public/shipreq/webapp/client/public/pages/ResetPassword.scala	4048
file:/shipreq/webapp-client-public/shipreq/webapp/client/public/PublicSpaEntryPoint.scala	860
file:/shipreq/webapp-client-public/shipreq/webapp/client/public/PublicSpaProtocols.scala	8615
file:/shipreq/webapp-client-public/shipreq/webapp/client/public/spa/Layout.scala	2559
file:/shipreq/webapp-client-public/shipreq/webapp/client/public/spa/PublicSpa.scala	3861
file:/shipreq/webapp-client-public/shipreq/webapp/client/public/spa/Routes.scala	4105
file:/shipreq/webapp-client-public/shipreq/webapp/client/public/Styles.scala	6517
https:/raw.githubusercontent.com/japgolly/microlibs-scala/v2.5/japgolly/microlibs/nonempty/NonEmptySet.scala	607
https:/raw.githubusercontent.com/japgolly/microlibs-scala/v2.5/japgolly/microlibs/nonempty/NonEmptyVector.scala	941
https:/raw.githubusercontent.com/japgolly/microlibs-scala/v2.5/japgolly/microlibs/stdlib_ext/StdlibExt.scala	228
https:/raw.githubusercontent.com/japgolly/microlibs-scala/v2.5/japgolly/microlibs/utils/Memo.scala	16
https:/raw.githubusercontent.com/japgolly/microlibs-scala/v2.5/japgolly/microlibs/utils/package.scala	168
https:/raw.githubusercontent.com/japgolly/microlibs-scala/v2.5/japgolly/microlibs/utils/PlatformJS.scala	211
https:/raw.githubusercontent.com/japgolly/microlibs-scala/v2.5/shared/src/main/scala-2.13/japgolly/microlibs/stdlib_ext/MutableArray.scala	662
https:/raw.githubusercontent.com/japgolly/scalajs-react/v1.7.6/core/AsyncCallback.scala	2329
https:/raw.githubusercontent.com/japgolly/scalajs-react/v1.7.6/core/CallbackKleisli.scala	1079
https:/raw.githubusercontent.com/japgolly/scalajs-react/v1.7.6/core/CallbackOption.scala	899
https:/raw.githubusercontent.com/japgolly/scalajs-react/v1.7.6/core/Callback.scala	3733
https:/raw.githubusercontent.com/japgolly/scalajs-react/v1.7.6/core/component/builder/Builder.scala	1787
https:/raw.githubusercontent.com/japgolly/scalajs-react/v1.7.6/core/component/builder/EntryPoint.scala	176
https:/raw.githubusercontent.com/japgolly/scalajs-react/v1.7.6/core/component/builder/InitState.scala	503
https:/raw.githubusercontent.com/japgolly/scalajs-react/v1.7.6/core/component/builder/Lifecycle.scala	7188
https:/raw.githubusercontent.com/japgolly/scalajs-react/v1.7.6/core/component/builder/ViaReactComponent.scala	2722
https:/raw.githubusercontent.com/japgolly/scalajs-react/v1.7.6/core/ComponentDom.scala	1102
https:/raw.githubusercontent.com/japgolly/scalajs-react/v1.7.6/core/component/Generic.scala	171
https:/raw.githubusercontent.com/japgolly/scalajs-react/v1.7.6/core/component/JsBaseComponentTemplate.scala	869
https:/raw.githubusercontent.com/japgolly/scalajs-react/v1.7.6/core/component/JsFn.scala	122
https:/raw.githubusercontent.com/japgolly/scalajs-react/v1.7.6/core/component/JsForwardRef.scala	113
https:/raw.githubusercontent.com/japgolly/scalajs-react/v1.7.6/core/component/Js.scala	1828
https:/raw.githubusercontent.com/japgolly/scalajs-react/v1.7.6/core/component/ScalaFn.scala	87
https:/raw.githubusercontent.com/japgolly/scalajs-react/v1.7.6/core/component/ScalaForwardRef.scala	88
https:/raw.githubusercontent.com/japgolly/scalajs-react/v1.7.6/core/component/Scala.scala	1159
https:/raw.githubusercontent.com/japgolly/scalajs-react/v1.7.6/core/component/Template.scala	956
https:/raw.githubusercontent.com/japgolly/scalajs-react/v1.7.6/core/CtorType.scala	2224
https:/raw.githubusercontent.com/japgolly/scalajs-react/v1.7.6/core/events.scala	296
https:/raw.githubusercontent.com/japgolly/scalajs-react/v1.7.6/core/internal/AutoComponentName.scala	221
https:/raw.githubusercontent.com/japgolly/scalajs-react/v1.7.6/core/internal/Box.scala	368
https:/raw.githubusercontent.com/japgolly/scalajs-react/v1.7.6/core/internal/Effect.scala	1248
https:/raw.githubusercontent.com/japgolly/scalajs-react/v1.7.6/core/internal/JsRepr.scala	445
https:/raw.githubusercontent.com/japgolly/scalajs-react/v1.7.6/core/internal/JsUtil.scala	706
https:/raw.githubusercontent.com/japgolly/scalajs-react/v1.7.6/core/internal/Optics.scala	859
https:/raw.githubusercontent.com/japgolly/scalajs-react/v1.7.6/core/internal/OptionLike.scala	261
https:/raw.githubusercontent.com/japgolly/scalajs-react/v1.7.6/core/internal/package.scala	403
https:/raw.githubusercontent.com/japgolly/scalajs-react/v1.7.6/core/internal/Profunctor.scala	134
https:/raw.githubusercontent.com/japgolly/scalajs-react/v1.7.6/core/internal/Semigroup.scala	349
https:/raw.githubusercontent.com/japgolly/scalajs-react/v1.7.6/core/internal/Singleton.scala	322
https:/raw.githubusercontent.com/japgolly/scalajs-react/v1.7.6/core/internal/Trampoline.scala	2347
https:/raw.githubusercontent.com/japgolly/scalajs-react/v1.7.6/core/package.scala	239
https:/raw.githubusercontent.com/japgolly/scalajs-react/v1.7.6/core/ReactCaughtError.scala	760
https:/raw.githubusercontent.com/japgolly/scalajs-react/v1.7.6/core/ReactDOM.scala	182
https:/raw.githubusercontent.com/japgolly/scalajs-react/v1.7.6/core/Ref.scala	1075
https:/raw.githubusercontent.com/japgolly/scalajs-react/v1.7.6/core/Reusability.scala	391
https:/raw.githubusercontent.com/japgolly/scalajs-react/v1.7.6/core/Reusable.scala	1570
https:/raw.githubusercontent.com/japgolly/scalajs-react/v1.7.6/core/ScalaJsReactConfig.scala	258
https:/raw.githubusercontent.com/japgolly/scalajs-react/v1.7.6/core/StateAccessor.scala	470
https:/raw.githubusercontent.com/japgolly/scalajs-react/v1.7.6/core/StateAccess.scala	407
https:/raw.githubusercontent.com/japgolly/scalajs-react/v1.7.6/core/vdom/Attr.scala	2161
https:/raw.githubusercontent.com/japgolly/scalajs-react/v1.7.6/core/vdom/Builder.scala	1040
https:/raw.githubusercontent.com/japgolly/scalajs-react/v1.7.6/core/vdom/Exports.scala	459
https:/raw.githubusercontent.com/japgolly/scalajs-react/v1.7.6/core/vdom/HtmlAttrs.scala	1344
https:/raw.githubusercontent.com/japgolly/scalajs-react/v1.7.6/core/vdom/HtmlStyles.scala	2894
https:/raw.githubusercontent.com/japgolly/scalajs-react/v1.7.6/core/vdom/HtmlTags.scala	2078
https:/raw.githubusercontent.com/japgolly/scalajs-react/v1.7.6/core/vdom/Implicits.scala	1066
https:/raw.githubusercontent.com/japgolly/scalajs-react/v1.7.6/core/vdom/Namespace.scala	195
https:/raw.githubusercontent.com/japgolly/scalajs-react/v1.7.6/core/vdom/Packages.scala	2256
https:/raw.githubusercontent.com/japgolly/scalajs-react/v1.7.6/core/vdom/ReactPortal.scala	89
https:/raw.githubusercontent.com/japgolly/scalajs-react/v1.7.6/core/vdom/Style.scala	577
https:/raw.githubusercontent.com/japgolly/scalajs-react/v1.7.6/core/vdom/TagMod.scala	1307
https:/raw.githubusercontent.com/japgolly/scalajs-react/v1.7.6/core/vdom/Tag.scala	1186
https:/raw.githubusercontent.com/japgolly/scalajs-react/v1.7.6/core/vdom/VdomArray.scala	271
https:/raw.githubusercontent.com/japgolly/scalajs-react/v1.7.6/core/vdom/VdomElement.scala	486
https:/raw.githubusercontent.com/japgolly/scalajs-react/v1.7.6/core/vdom/VdomNode.scala	1377
https:/raw.githubusercontent.com/japgolly/scalajs-react/v1.7.6/extra/Ajax.scala	1884
https:/raw.githubusercontent.com/japgolly/scalajs-react/v1.7.6/extra/Broadcaster.scala	301
https:/raw.githubusercontent.com/japgolly/scalajs-react/v1.7.6/extra/EventListener.scala	730
https:/raw.githubusercontent.com/japgolly/scalajs-react/v1.7.6/extra/internal/package.scala	50
https:/raw.githubusercontent.com/japgolly/scalajs-react/v1.7.6/extra/Listenable.scala	442
https:/raw.githubusercontent.com/japgolly/scalajs-react/v1.7.6/extra/OnUnmount.scala	440
https:/raw.githubusercontent.com/japgolly/scalajs-react/v1.7.6/extra/router/Actions.scala	1107
https:/raw.githubusercontent.com/japgolly/scalajs-react/v1.7.6/extra/router/Dsl.scala	4086
https:/raw.githubusercontent.com/japgolly/scalajs-react/v1.7.6/extra/router/package.scala	264
https:/raw.githubusercontent.com/japgolly/scalajs-react/v1.7.6/extra/router/ResolutionWithProps.scala	393
https:/raw.githubusercontent.com/japgolly/scalajs-react/v1.7.6/extra/router/RouteCmd.scala	2436
https:/raw.githubusercontent.com/japgolly/scalajs-react/v1.7.6/extra/router/RouterCtl.scala	1044
https:/raw.githubusercontent.com/japgolly/scalajs-react/v1.7.6/extra/router/Router.scala	4028
https:/raw.githubusercontent.com/japgolly/scalajs-react/v1.7.6/extra/router/RouterWithPropsConfig.scala	3313
https:/raw.githubusercontent.com/japgolly/scalajs-react/v1.7.6/extra/router/RoutingRule.scala	1863
https:/raw.githubusercontent.com/japgolly/scalajs-react/v1.7.6/extra/router/RoutingRules.scala	2771
https:/raw.githubusercontent.com/japgolly/scalajs-react/v1.7.6/extra/router/SetRouteVia.scala	669
https:/raw.githubusercontent.com/japgolly/scalajs-react/v1.7.6/extra/router/StaticOrDynamic.scala	581
https:/raw.githubusercontent.com/japgolly/scalajs-react/v1.7.6/extra/router/Urls.scala	1504
https:/raw.githubusercontent.com/japgolly/scalajs-react/v1.7.6/extra/StateSnapshot.scala	1331
https:/raw.githubusercontent.com/japgolly/scalajs-react/v1.7.6/monocle-scalaz/internal/MonocleExtComponent.scala	199
https:/raw.githubusercontent.com/japgolly/scalajs-react/v1.7.6/monocle-scalaz/internal/MonocleExtStateSnapshot.scala	407
https:/raw.githubusercontent.com/japgolly/univeq/v1.2.1/japgolly/univeq/package.scala	13
https:/raw.githubusercontent.com/japgolly/univeq/v1.2.1/japgolly/univeq/UnivEq.scala	277
https:/raw.githubusercontent.com/julien-truffaut/Monocle/v1.6.3/core/monocle/Iso.scala	1275
https:/raw.githubusercontent.com/julien-truffaut/Monocle/v1.6.3/core/monocle/Lens.scala	387
https:/raw.githubusercontent.com/scala-js/scala-js-dom/v1.1.0/org/scalajs/dom/ext/Extensions.scala	320
https:/raw.githubusercontent.com/scala-js/scala-js-dom/v1.1.0/org/scalajs/dom/package.scala	569
https:/raw.githubusercontent.com/scala-js/v1.3.1/javalanglib/java/lang/Appendable.scala	2
https:/raw.githubusercontent.com/scala-js/v1.3.1/javalanglib/java/lang/Boolean.scala	107
https:/raw.githubusercontent.com/scala-js/v1.3.1/javalanglib/java/lang/Byte.scala	63
https:/raw.githubusercontent.com/scala-js/v1.3.1/javalanglib/java/lang/Character.scala	1525
https:/raw.githubusercontent.com/scala-js/v1.3.1/javalanglib/java/lang/Class.scala	440
https:/raw.githubusercontent.com/scala-js/v1.3.1/javalanglib/java/lang/Comparable.scala	1
https:/raw.githubusercontent.com/scala-js/v1.3.1/javalanglib/java/lang/Double.scala	1301
https:/raw.githubusercontent.com/scala-js/v1.3.1/javalanglib/java/lang/Enum.scala	165
https:/raw.githubusercontent.com/scala-js/v1.3.1/javalanglib/java/lang/FloatingPointBits.scala	531
https:/raw.githubusercontent.com/scala-js/v1.3.1/javalanglib/java/lang/Float.scala	88
https:/raw.githubusercontent.com/scala-js/v1.3.1/javalanglib/java/lang/Integer.scala	2115
https:/raw.githubusercontent.com/scala-js/v1.3.1/javalanglib/java/lang/Long.scala	1003
https:/raw.githubusercontent.com/scala-js/v1.3.1/javalanglib/java/lang/Math.scala	1370
https:/raw.githubusercontent.com/scala-js/v1.3.1/javalanglib/java/lang/Number.scala	79
https:/raw.githubusercontent.com/scala-js/v1.3.1/javalanglib/java/lang/reflect/Array.scala	345
https:/raw.githubusercontent.com/scala-js/v1.3.1/javalanglib/java/lang/Short.scala	51
https:/raw.githubusercontent.com/scala-js/v1.3.1/javalanglib/java/lang/StackTraceElement.scala	497
https:/raw.githubusercontent.com/scala-js/v1.3.1/javalanglib/java/lang/StackTrace.scala	4865
https:/raw.githubusercontent.com/scala-js/v1.3.1/javalanglib/java/lang/StringBuffer.scala	287
https:/raw.githubusercontent.com/scala-js/v1.3.1/javalanglib/java/lang/StringBuilder.scala	1136
https:/raw.githubusercontent.com/scala-js/v1.3.1/javalanglib/java/lang/_String.scala	4181
https:/raw.githubusercontent.com/scala-js/v1.3.1/javalanglib/java/lang/System.scala	2675
https:/raw.githubusercontent.com/scala-js/v1.3.1/javalanglib/java/lang/Throwables.scala	3143
https:/raw.githubusercontent.com/scala-js/v1.3.1/javalanglib/java/lang/Utils.scala	442
https:/raw.githubusercontent.com/scala-js/v1.3.1/javalanglib/java/lang/Void.scala	128
https:/raw.githubusercontent.com/scala-js/v1.3.1/javalib/java/io/FilterOutputStream.scala	44
https:/raw.githubusercontent.com/scala-js/v1.3.1/javalib/java/io/OutputStream.scala	21
https:/raw.githubusercontent.com/scala-js/v1.3.1/javalib/java/io/PrintStream.scala	77
https:/raw.githubusercontent.com/scala-js/v1.3.1/javalib/java/math/BigInteger.scala	3182
https:/raw.githubusercontent.com/scala-js/v1.3.1/javalib/java/math/BitLevel.scala	1117
https:/raw.githubusercontent.com/scala-js/v1.3.1/javalib/java/math/Conversion.scala	1575
https:/raw.githubusercontent.com/scala-js/v1.3.1/javalib/java/math/Division.scala	853
https:/raw.githubusercontent.com/scala-js/v1.3.1/javalib/java/math/Elementary.scala	1483
https:/raw.githubusercontent.com/scala-js/v1.3.1/javalib/java/math/Multiplication.scala	1513
https:/raw.githubusercontent.com/scala-js/v1.3.1/javalib/java/nio/BufferOverflowException.scala	107
https:/raw.githubusercontent.com/scala-js/v1.3.1/javalib/java/nio/Buffer.scala	1534
https:/raw.githubusercontent.com/scala-js/v1.3.1/javalib/java/nio/BufferUnderflowException.scala	107
https:/raw.githubusercontent.com/scala-js/v1.3.1/javalib/java/nio/ByteArrayBits.scala	296
https:/raw.githubusercontent.com/scala-js/v1.3.1/javalib/java/nio/ByteBuffer.scala	1053
https:/raw.githubusercontent.com/scala-js/v1.3.1/javalib/java/nio/ByteOrder.scala	522
https:/raw.githubusercontent.com/scala-js/v1.3.1/javalib/java/nio/GenBuffer.scala	946
https:/raw.githubusercontent.com/scala-js/v1.3.1/javalib/java/nio/GenHeapBuffer.scala	172
https:/raw.githubusercontent.com/scala-js/v1.3.1/javalib/java/nio/GenTypedArrayBuffer.scala	34
https:/raw.githubusercontent.com/scala-js/v1.3.1/javalib/java/nio/HeapByteBuffer.scala	486
https:/raw.githubusercontent.com/scala-js/v1.3.1/javalib/java/nio/ReadOnlyBufferException.scala	112
https:/raw.githubusercontent.com/scala-js/v1.3.1/javalib/java/nio/TypedArrayByteBuffer.scala	955
https:/raw.githubusercontent.com/scala-js/v1.3.1/javalib/java/util/Arrays.scala	5703
https:/raw.githubusercontent.com/scala-js/v1.3.1/javalib/java/util/concurrent/atomic/AtomicInteger.scala	188
https:/raw.githubusercontent.com/scala-js/v1.3.1/javalib/java/util/Formattable.scala	24
https:/raw.githubusercontent.com/scala-js/v1.3.1/javalib/java/util/Formatter.scala	5495
https:/raw.githubusercontent.com/scala-js/v1.3.1/javalib/java/util/regex/Matcher.scala	1402
https:/raw.githubusercontent.com/scala-js/v1.3.1/javalib/java/util/regex/Pattern.scala	1573
https:/raw.githubusercontent.com/scala-js/v1.3.1/javalib/java/util/ScalaOps.scala	435
https:/raw.githubusercontent.com/scala-js/v1.3.1/javalib/java/util/Throwables.scala	2078
https:/raw.githubusercontent.com/scala-js/v1.3.1/javalib/scala/scalajs/js/typedarray/TypedArrayBufferBridge.scala	20
https:/raw.githubusercontent.com/scala-js/v1.3.1/library-aux/scala/runtime/RefTypes.scala	517
https:/raw.githubusercontent.com/scala-js/v1.3.1/library-aux/scala/runtime/Statics.scala	5605
https:/raw.githubusercontent.com/scala-js/v1.3.1/library/scala/scalajs/js/Dynamic.scala	200
https:/raw.githubusercontent.com/scala-js/v1.3.1/library/scala/scalajs/js/JavaScriptException.scala	323
https:/raw.githubusercontent.com/scala-js/v1.3.1/library/scala/scalajs/js/JSNumberOps.scala	2
https:/raw.githubusercontent.com/scala-js/v1.3.1/library/scala/scalajs/js/package.scala	181
https:/raw.githubusercontent.com/scala-js/v1.3.1/library/scala/scalajs/js/special/package.scala	196
https:/raw.githubusercontent.com/scala-js/v1.3.1/library/scala/scalajs/js/ThisFunction.scala	367
https:/raw.githubusercontent.com/scala-js/v1.3.1/library/scala/scalajs/js/timers/package.scala	142
https:/raw.githubusercontent.com/scala-js/v1.3.1/library/scala/scalajs/js/UndefOrOps.scala	351
https:/raw.githubusercontent.com/scala-js/v1.3.1/library/scala/scalajs/js/Union.scala	11
https:/raw.githubusercontent.com/scala-js/v1.3.1/library/scala/scalajs/runtime/AnonFunctions.scala	776
https:/raw.githubusercontent.com/scala-js/v1.3.1/library/scala/scalajs/runtime/package.scala	219
https:/raw.githubusercontent.com/scala-js/v1.3.1/library/src/main/scala-new-collections/scala/scalajs/js/Any.scala	446
https:/raw.githubusercontent.com/scala-js/v1.3.1/library/src/main/scala-new-collections/scala/scalajs/js/ArrayOps.scala	468
https:/raw.githubusercontent.com/scala-js/v1.3.1/library/src/main/scala-new-collections/scala/scalajs/js/JSConverters.scala	175
https:/raw.githubusercontent.com/scala-js/v1.3.1/library/src/main/scala-new-collections/scala/scalajs/js/WrappedArray.scala	922
https:/raw.githubusercontent.com/scala-js/v1.3.1/library/src/main/scala-new-collections/scala/scalajs/js/WrappedDictionary.scala	31
https:/raw.githubusercontent.com/scala-js/v1.3.1/library/src/main/scala-new-collections/scala/scalajs/runtime/Compat.scala	210
https:/raw.githubusercontent.com/scala-js/v1.3.1/library/src/main/scala-new-collections/scala/scalajs/runtime/WrappedVarArgs.scala	3014
https:/raw.githubusercontent.com/scala-js/v1.3.1/linker-private-library/org/scalajs/linker/runtime/RuntimeLong.scala	12055
https:/raw.githubusercontent.com/scala-js/v1.3.1/scalalib/overrides-2.13/scala/Array.scala	2412
https:/raw.githubusercontent.com/scala-js/v1.3.1/scalalib/overrides-2.13/scala/collection/immutable/Range.scala	6050
https:/raw.githubusercontent.com/scala-js/v1.3.1/scalalib/overrides-2.13/scala/collection/mutable/ArrayBuilder.scala	1043
https:/raw.githubusercontent.com/scala-js/v1.3.1/scalalib/overrides-2.13/scala/collection/mutable/Buffer.scala	52
https:/raw.githubusercontent.com/scala-js/v1.3.1/scalalib/overrides-2.13/scala/package.scala	308
https:/raw.githubusercontent.com/scala-js/v1.3.1/scalalib/overrides-2.13/scala/reflect/ClassTag.scala	812
https:/raw.githubusercontent.com/scala-js/v1.3.1/scalalib/overrides-2.13/scala/reflect/Manifest.scala	5350
https:/raw.githubusercontent.com/scala-js/v1.3.1/scalalib/overrides-2.13/scala/runtime/ScalaRunTime.scala	4500
https:/raw.githubusercontent.com/scala-js/v1.3.1/scalalib/overrides/scala/math/ScalaNumber.scala	22
https:/raw.githubusercontent.com/scala-js/v1.3.1/scalalib/overrides/scala/runtime/BoxesRunTime.scala	1480
https:/raw.githubusercontent.com/scala/v2.13.3/annotation/elidable.scala	291
https:/raw.githubusercontent.com/scala/v2.13.3/collection/ArrayOps.scala	5117
https:/raw.githubusercontent.com/scala/v2.13.3/collection/BuildFrom.scala	244
https:/raw.githubusercontent.com/scala/v2.13.3/collection/Factory.scala	1306
https:/raw.githubusercontent.com/scala/v2.13.3/collection/Hashing.scala	188
https:/raw.githubusercontent.com/scala/v2.13.3/collection/immutable/ArraySeq.scala	8197
https:/raw.githubusercontent.com/scala/v2.13.3/collection/immutable/ChampCommon.scala	1911
https:/raw.githubusercontent.com/scala/v2.13.3/collection/immutable/HashMap.scala	10987
https:/raw.githubusercontent.com/scala/v2.13.3/collection/immutable/HashSet.scala	11690
https:/raw.githubusercontent.com/scala/v2.13.3/collection/immutable/Iterable.scala	281
https:/raw.githubusercontent.com/scala/v2.13.3/collection/immutable/LazyList.scala	5484
https:/raw.githubusercontent.com/scala/v2.13.3/collection/immutable/List.scala	6643
https:/raw.githubusercontent.com/scala/v2.13.3/collection/immutable/ListSet.scala	1854
https:/raw.githubusercontent.com/scala/v2.13.3/collection/immutable/Map.scala	8251
https:/raw.githubusercontent.com/scala/v2.13.3/collection/immutable/Seq.scala	1247
https:/raw.githubusercontent.com/scala/v2.13.3/collection/immutable/Set.scala	5414
https:/raw.githubusercontent.com/scala/v2.13.3/collection/immutable/SortedSet.scala	24
https:/raw.githubusercontent.com/scala/v2.13.3/collection/immutable/Stream.scala	2658
https:/raw.githubusercontent.com/scala/v2.13.3/collection/immutable/Vector.scala	47105
https:/raw.githubusercontent.com/scala/v2.13.3/collection/immutable/WrappedString.scala	1036
https:/raw.githubusercontent.com/scala/v2.13.3/collection/IndexedSeq.scala	1417
https:/raw.githubusercontent.com/scala/v2.13.3/collection/IndexedSeqView.scala	2194
https:/raw.githubusercontent.com/scala/v2.13.3/collection/IterableOnce.scala	2117
https:/raw.githubusercontent.com/scala/v2.13.3/collection/Iterable.scala	1065
https:/raw.githubusercontent.com/scala/v2.13.3/collection/Iterator.scala	5473
https:/raw.githubusercontent.com/scala/v2.13.3/collection/LinearSeq.scala	1615
https:/raw.githubusercontent.com/scala/v2.13.3/collection/Map.scala	1174
https:/raw.githubusercontent.com/scala/v2.13.3/collection/mutable/AnyRefMap.scala	3719
https:/raw.githubusercontent.com/scala/v2.13.3/collection/mutable/ArrayBuffer.scala	2405
https:/raw.githubusercontent.com/scala/v2.13.3/collection/mutable/ArraySeq.scala	6077
https:/raw.githubusercontent.com/scala/v2.13.3/collection/mutable/Builder.scala	389
https:/raw.githubusercontent.com/scala/v2.13.3/collection/mutable/GrowableBuilder.scala	234
https:/raw.githubusercontent.com/scala/v2.13.3/collection/mutable/Growable.scala	239
https:/raw.githubusercontent.com/scala/v2.13.3/collection/mutable/HashMap.scala	4575
https:/raw.githubusercontent.com/scala/v2.13.3/collection/mutable/ImmutableBuilder.scala	127
https:/raw.githubusercontent.com/scala/v2.13.3/collection/mutable/IndexedSeq.scala	148
https:/raw.githubusercontent.com/scala/v2.13.3/collection/mutable/Iterable.scala	145
https:/raw.githubusercontent.com/scala/v2.13.3/collection/mutable/ListBuffer.scala	1178
https:/raw.githubusercontent.com/scala/v2.13.3/collection/mutable/Map.scala	312
https:/raw.githubusercontent.com/scala/v2.13.3/collection/mutable/Seq.scala	22
https:/raw.githubusercontent.com/scala/v2.13.3/collection/mutable/StringBuilder.scala	1110
https:/raw.githubusercontent.com/scala/v2.13.3/collection/package.scala	176
https:/raw.githubusercontent.com/scala/v2.13.3/collection/Seq.scala	1299
https:/raw.githubusercontent.com/scala/v2.13.3/collection/SeqView.scala	1465
https:/raw.githubusercontent.com/scala/v2.13.3/collection/Set.scala	447
https:/raw.githubusercontent.com/scala/v2.13.3/collection/StrictOptimizedIterableOps.scala	119
https:/raw.githubusercontent.com/scala/v2.13.3/collection/StrictOptimizedSeqOps.scala	164
https:/raw.githubusercontent.com/scala/v2.13.3/collection/StrictOptimizedSetOps.scala	2
https:/raw.githubusercontent.com/scala/v2.13.3/collection/StringOps.scala	1484
https:/raw.githubusercontent.com/scala/v2.13.3/collection/View.scala	1984
https:/raw.githubusercontent.com/scala/v2.13.3/Function0.scala	66
https:/raw.githubusercontent.com/scala/v2.13.3/Function1.scala	381
https:/raw.githubusercontent.com/scala/v2.13.3/Function2.scala	152
https:/raw.githubusercontent.com/scala/v2.13.3/Function3.scala	27
https:/raw.githubusercontent.com/scala/v2.13.3/Function4.scala	130
https:/raw.githubusercontent.com/scala/v2.13.3/Function.scala	1
https:/raw.githubusercontent.com/scala/v2.13.3/MatchError.scala	370
https:/raw.githubusercontent.com/scala/v2.13.3/math/BigInt.scala	1771
https:/raw.githubusercontent.com/scala/v2.13.3/math/Equiv.scala	96
https:/raw.githubusercontent.com/scala/v2.13.3/math/Fractional.scala	91
https:/raw.githubusercontent.com/scala/v2.13.3/math/Integral.scala	92
https:/raw.githubusercontent.com/scala/v2.13.3/math/Numeric.scala	360
https:/raw.githubusercontent.com/scala/v2.13.3/math/Ordered.scala	101
https:/raw.githubusercontent.com/scala/v2.13.3/math/Ordering.scala	1769
https:/raw.githubusercontent.com/scala/v2.13.3/math/ScalaNumericConversions.scala	293
https:/raw.githubusercontent.com/scala/v2.13.3/Option.scala	2919
https:/raw.githubusercontent.com/scala/v2.13.3/PartialFunction.scala	1519
https:/raw.githubusercontent.com/scala/v2.13.3/Predef.scala	1111
https:/raw.githubusercontent.com/scala/v2.13.3/Product2.scala	130
https:/raw.githubusercontent.com/scala/v2.13.3/Product3.scala	141
https:/raw.githubusercontent.com/scala/v2.13.3/Product4.scala	170
https:/raw.githubusercontent.com/scala/v2.13.3/reflect/NoManifest.scala	118
https:/raw.githubusercontent.com/scala/v2.13.3/runtime/AbstractFunction0.scala	19
https:/raw.githubusercontent.com/scala/v2.13.3/runtime/AbstractFunction1.scala	78
https:/raw.githubusercontent.com/scala/v2.13.3/runtime/AbstractFunction2.scala	27
https:/raw.githubusercontent.com/scala/v2.13.3/runtime/AbstractFunction3.scala	23
https:/raw.githubusercontent.com/scala/v2.13.3/runtime/AbstractFunction4.scala	27
https:/raw.githubusercontent.com/scala/v2.13.3/runtime/AbstractPartialFunction.scala	99
https:/raw.githubusercontent.com/scala/v2.13.3/runtime/LazyRef.scala	205
https:/raw.githubusercontent.com/scala/v2.13.3/runtime/Nothing$.scala	36
https:/raw.githubusercontent.com/scala/v2.13.3/runtime/Null$.scala	27
https:/raw.githubusercontent.com/scala/v2.13.3/runtime/RichLong.scala	113
https:/raw.githubusercontent.com/scala/v2.13.3/sys/package.scala	159
https:/raw.githubusercontent.com/scala/v2.13.3/Tuple2.scala	1108
https:/raw.githubusercontent.com/scala/v2.13.3/Tuple3.scala	364
https:/raw.githubusercontent.com/scala/v2.13.3/Tuple4.scala	431
https:/raw.githubusercontent.com/scala/v2.13.3/typeConstraints.scala	410
https:/raw.githubusercontent.com/scala/v2.13.3/util/control/NonFatal.scala	119
https:/raw.githubusercontent.com/scala/v2.13.3/util/Either.scala	1365
https:/raw.githubusercontent.com/scala/v2.13.3/util/hashing/MurmurHash3.scala	7470
https:/raw.githubusercontent.com/scala/v2.13.3/util/matching/Regex.scala	238
https:/raw.githubusercontent.com/scala/v2.13.3/util/Sorting.scala	1420
https:/raw.githubusercontent.com/scala/v2.13.3/util/Try.scala	772
https:/raw.githubusercontent.com/scalaz/scalaz/40ca3a4245bebe113cd7fb97179f0071d00ef5d9/core/scalaz/Applicative.scala	150
https:/raw.githubusercontent.com/scalaz/scalaz/40ca3a4245bebe113cd7fb97179f0071d00ef5d9/core/scalaz/Apply.scala	144
https:/raw.githubusercontent.com/scalaz/scalaz/40ca3a4245bebe113cd7fb97179f0071d00ef5d9/core/scalaz/Associative.scala	135
https:/raw.githubusercontent.com/scalaz/scalaz/40ca3a4245bebe113cd7fb97179f0071d00ef5d9/core/scalaz/Bifoldable.scala	135
https:/raw.githubusercontent.com/scalaz/scalaz/40ca3a4245bebe113cd7fb97179f0071d00ef5d9/core/scalaz/Bifunctor.scala	130
https:/raw.githubusercontent.com/scalaz/scalaz/40ca3a4245bebe113cd7fb97179f0071d00ef5d9/core/scalaz/Bitraverse.scala	145
https:/raw.githubusercontent.com/scalaz/scalaz/40ca3a4245bebe113cd7fb97179f0071d00ef5d9/core/scalaz/Category.scala	140
https:/raw.githubusercontent.com/scalaz/scalaz/40ca3a4245bebe113cd7fb97179f0071d00ef5d9/core/scalaz/Compose.scala	144
https:/raw.githubusercontent.com/scalaz/scalaz/40ca3a4245bebe113cd7fb97179f0071d00ef5d9/core/scalaz/Either.scala	2642
https:/raw.githubusercontent.com/scalaz/scalaz/40ca3a4245bebe113cd7fb97179f0071d00ef5d9/core/scalaz/Endo.scala	802
https:/raw.githubusercontent.com/scalaz/scalaz/40ca3a4245bebe113cd7fb97179f0071d00ef5d9/core/scalaz/Functor.scala	140
https:/raw.githubusercontent.com/scalaz/scalaz/40ca3a4245bebe113cd7fb97179f0071d00ef5d9/core/scalaz/InvariantFunctor.scala	144
https:/raw.githubusercontent.com/scalaz/scalaz/40ca3a4245bebe113cd7fb97179f0071d00ef5d9/core/scalaz/Isomorphism.scala	265
https:/raw.githubusercontent.com/scalaz/scalaz/40ca3a4245bebe113cd7fb97179f0071d00ef5d9/core/scalaz/Semigroup.scala	144
https:/raw.githubusercontent.com/scalaz/scalaz/40ca3a4245bebe113cd7fb97179f0071d00ef5d9/core/scalaz/Split.scala	140
https:/raw.githubusercontent.com/scalaz/scalaz/40ca3a4245bebe113cd7fb97179f0071d00ef5d9/core/scalaz/Unzip.scala	135
https:/raw.githubusercontent.com/scalaz/scalaz/40ca3a4245bebe113cd7fb97179f0071d00ef5d9/core/scalaz/Zip.scala	130
https:/raw.githubusercontent.com/suzaku-io/boopickle/v1.3.3/boopickle/BufferPool.scala	1007
https:/raw.githubusercontent.com/suzaku-io/boopickle/v1.3.3/boopickle/BufferProvider.scala	651
https:/raw.githubusercontent.com/suzaku-io/boopickle/v1.3.3/boopickle/CodecSize.scala	1230
https:/raw.githubusercontent.com/suzaku-io/boopickle/v1.3.3/boopickle/Constants.scala	276
https:/raw.githubusercontent.com/suzaku-io/boopickle/v1.3.3/boopickle/DefaultByteBufferProvider.scala	6
https:/raw.githubusercontent.com/suzaku-io/boopickle/v1.3.3/boopickle/Default.scala	794
https:/raw.githubusercontent.com/suzaku-io/boopickle/v1.3.3/boopickle/IdentList.scala	1104
https:/raw.githubusercontent.com/suzaku-io/boopickle/v1.3.3/boopickle/IdentMap.scala	114
https:/raw.githubusercontent.com/suzaku-io/boopickle/v1.3.3/boopickle/Pickler.scala	3899
https:/raw.githubusercontent.com/suzaku-io/boopickle/v1.3.3/boopickle/StringCodecBase.scala	608
https:/raw.githubusercontent.com/suzaku-io/boopickle/v1.3.3/boopickle/StringCodec.scala	906
https:/raw.githubusercontent.com/suzaku-io/boopickle/v1.3.3/shared/src/main/scala-2.13+/boopickle/XCompat.scala	1156
[no source]	3568
[unmapped]	6736
