[EOLs]	8953
file://localhome/doeraene/projects/scalajs-java-time/java/time/chrono/AbstractChronology.scala	90
file://localhome/doeraene/projects/scalajs-java-time/java/time/chrono/ChronoLocalDate.scala	85
file://localhome/doeraene/projects/scalajs-java-time/java/time/chrono/Chronology.scala	37
file://localhome/doeraene/projects/scalajs-java-time/java/time/chrono/IsoChronology.scala	398
file://localhome/doeraene/projects/scalajs-java-time/java/time/Constants.scala	329
file://localhome/doeraene/projects/scalajs-java-time/java/time/DateTimeException.scala	110
file://localhome/doeraene/projects/scalajs-java-time/java/time/Duration.scala	2922
file://localhome/doeraene/projects/scalajs-java-time/java/time/Instant.scala	2966
file://localhome/doeraene/projects/scalajs-java-time/java/time/LocalDate.scala	3427
file://localhome/doeraene/projects/scalajs-java-time/java/time/LocalTime.scala	2088
file://localhome/doeraene/projects/scalajs-java-time/java/time/Month.scala	2125
file://localhome/doeraene/projects/scalajs-java-time/java/time/Preconditions.scala	482
file://localhome/doeraene/projects/scalajs-java-time/java/time/temporal/ChronoField.scala	3877
file://localhome/doeraene/projects/scalajs-java-time/java/time/temporal/ChronoUnit.scala	1526
file://localhome/doeraene/projects/scalajs-java-time/java/time/temporal/TemporalAccessor.scala	356
file://localhome/doeraene/projects/scalajs-java-time/java/time/temporal/UnsupportedTemporalTypeException.scala	118
file://localhome/doeraene/projects/scalajs-java-time/java/time/temporal/ValueRange.scala	1373
file://localhome/doeraene/projects/scalajs-java-time/java/time/Year.scala	238
file:/shipreq/base-predef/shipreq/Predef.scala	711
file:/shipreq/base-predef/shipreq/PredefShared.scala	3354
file:/shipreq/base-util/shipreq/base/util/algorithm/BoyerMooreHorspool.scala	798
file:/shipreq/base-util/shipreq/base/util/Aligner.scala	369
file:/shipreq/base-util/shipreq/base/util/Applicability.scala	1103
file:/shipreq/base-util/shipreq/base/util/BinaryData.scala	1164
file:/shipreq/base-util/shipreq/base/util/BinaryJs.scala	487
file:/shipreq/base-util/shipreq/base/util/ConsolidatedSeq.scala	2661
file:/shipreq/base-util/shipreq/base/util/DataLog.scala	926
file:/shipreq/base-util/shipreq/base/util/DeletionMethod.scala	860
file:/shipreq/base-util/shipreq/base/util/Digraph.scala	2267
file:/shipreq/base-util/shipreq/base/util/Direction.scala	1083
file:/shipreq/base-util/shipreq/base/util/EitherState.scala	5782
file:/shipreq/base-util/shipreq/base/util/Enabled.scala	1001
file:/shipreq/base-util/shipreq/base/util/ErrorMsg.scala	752
file:/shipreq/base-util/shipreq/base/util/Exclusivity.scala	932
file:/shipreq/base-util/shipreq/base/util/fp/Monoid.scala	713
file:/shipreq/base-util/shipreq/base/util/fp/Semigroup.scala	43
file:/shipreq/base-util/shipreq/base/util/FreeOption.scala	780
file:/shipreq/base-util/shipreq/base/util/GenTuple.scala	1161
file:/shipreq/base-util/shipreq/base/util/Identity.scala	284
file:/shipreq/base-util/shipreq/base/util/IMapBase.scala	1675
file:/shipreq/base-util/shipreq/base/util/IMap.scala	1433
file:/shipreq/base-util/shipreq/base/util/Impossible.scala	20
file:/shipreq/base-util/shipreq/base/util/IndexLabel.scala	608
file:/shipreq/base-util/shipreq/base/util/Intersection.scala	1736
file:/shipreq/base-util/shipreq/base/util/IsoBool.scala	7936
file:/shipreq/base-util/shipreq/base/util/JsExt.scala	419
file:/shipreq/base-util/shipreq/base/util/JsTimers.scala	320
file:/shipreq/base-util/shipreq/base/util/LazyVal.scala	1038
file:/shipreq/base-util/shipreq/base/util/LeftRight.scala	855
file:/shipreq/base-util/shipreq/base/util/MMTree.scala	1746
file:/shipreq/base-util/shipreq/base/util/MTrie.scala	5936
file:/shipreq/base-util/shipreq/base/util/MutableRef.scala	669
file:/shipreq/base-util/shipreq/base/util/NonEmptyArraySeq.scala	1195
file:/shipreq/base-util/shipreq/base/util/OpResult.scala	944
file:/shipreq/base-util/shipreq/base/util/Optics.scala	2252
file:/shipreq/base-util/shipreq/base/util/OptionalBoolFn.scala	1154
file:/shipreq/base-util/shipreq/base/util/OptionalConflict.scala	208
file:/shipreq/base-util/shipreq/base/util/Permission.scala	1055
file:/shipreq/base-util/shipreq/base/util/PotentialChange.scala	6177
file:/shipreq/base-util/shipreq/base/util/RelPos.scala	378
file:/shipreq/base-util/shipreq/base/util/Retries.scala	874
file:/shipreq/base-util/shipreq/base/util/RomanNumeral.scala	456
file:/shipreq/base-util/shipreq/base/util/SafeStringOps.scala	333
file:/shipreq/base-util/shipreq/base/util/ScalaExt.scala	301
file:/shipreq/base-util/shipreq/base/util/ScalazExtra.scala	1434
file:/shipreq/base-util/shipreq/base/util/SetDiff.scala	1069
file:/shipreq/base-util/shipreq/base/util/SetOnceVar.scala	173
file:/shipreq/base-util/shipreq/base/util/TaggedTypes.scala	1226
file:/shipreq/base-util/shipreq/base/util/Trampoline.scala	463
file:/shipreq/base-util/shipreq/base/util/TransitiveClosure.scala	1852
file:/shipreq/base-util/shipreq/base/util/Url.scala	1613
file:/shipreq/base-util/shipreq/base/util/Util.scala	2546
file:/shipreq/base-util/shipreq/base/util/Validity.scala	1058
file:/shipreq/base-util/shipreq/base/util/VarJs.scala	466
file:/shipreq/base-util/shipreq/base/util/VectorTree.scala	10462
file:/shipreq/frontend/dist/prod/scala/AbstractAssetManifest.scala	9938
file:/shipreq/frontend/dist/prod/scala/AnalyticsConfig.scala	10
file:/shipreq/webapp-base/shipreq/webapp/base/config/AssetManifest.scala	1114
file:/shipreq/webapp-base/shipreq/webapp/base/config/ClientConfig.scala	10
file:/shipreq/webapp-base/shipreq/webapp/base/config/GlobalSettings.scala	209
file:/shipreq/webapp-base/shipreq/webapp/base/config/Urls.scala	1277
file:/shipreq/webapp-base/shipreq/webapp/base/config/WebappConfig.scala	269
file:/shipreq/webapp-base/shipreq/webapp/base/data/EmailAddr.scala	385
file:/shipreq/webapp-base/shipreq/webapp/base/data/PersonName.scala	269
file:/shipreq/webapp-base/shipreq/webapp/base/data/PlainTextPassword.scala	279
file:/shipreq/webapp-base/shipreq/webapp/base/data/Username.scala	281
file:/shipreq/webapp-base/shipreq/webapp/base/feature/AsyncFeature.scala	12119
file:/shipreq/webapp-base/shipreq/webapp/base/feature/clipboard/ClipboardCodec.scala	600
file:/shipreq/webapp-base/shipreq/webapp/base/feature/clipboard/ClipboardJs.scala	183
file:/shipreq/webapp-base/shipreq/webapp/base/feature/clipboard/ClipboardKeys.scala	1996
file:/shipreq/webapp-base/shipreq/webapp/base/feature/clipboard/Clipboard.scala	1234
file:/shipreq/webapp-base/shipreq/webapp/base/feature/dragtoreorder/DragLoc.scala	770
file:/shipreq/webapp-base/shipreq/webapp/base/feature/dragtoreorder/DragState.scala	972
file:/shipreq/webapp-base/shipreq/webapp/base/feature/DragToReorderFeature.scala	1842
file:/shipreq/webapp-base/shipreq/webapp/base/feature/dragtoreorder/Instance.scala	5401
file:/shipreq/webapp-base/shipreq/webapp/base/feature/dragtoreorder/Status.scala	923
file:/shipreq/webapp-base/shipreq/webapp/base/feature/EditorStatus.scala	2821
file:/shipreq/webapp-base/shipreq/webapp/base/feature/ErrorHandlingFeature.scala	2761
file:/shipreq/webapp-base/shipreq/webapp/base/feature/ScrollSyncFeature.scala	1075
file:/shipreq/webapp-base/shipreq/webapp/base/feature/TableNavigationFeature.scala	709
file:/shipreq/webapp-base/shipreq/webapp/base/feature/tablenav/Logic.scala	2878
file:/shipreq/webapp-base/shipreq/webapp/base/feature/tablenav/Movement.scala	2275
file:/shipreq/webapp-base/shipreq/webapp/base/feature/tablenav/SpecialCases.scala	927
file:/shipreq/webapp-base/shipreq/webapp/base/feature/tablenav/TableCellZipper.scala	3745
file:/shipreq/webapp-base/shipreq/webapp/base/feature/tablenav/TableNavKeys.scala	3969
file:/shipreq/webapp-base/shipreq/webapp/base/feature/tablenav/TablePos.scala	2488
file:/shipreq/webapp-base/shipreq/webapp/base/feature/tablenav/TableStyle.scala	457
file:/shipreq/webapp-base/shipreq/webapp/base/feature/tablenav/VirtualTable.scala	4215
file:/shipreq/webapp-base/shipreq/webapp/base/lib/ConfirmJs.scala	379
file:/shipreq/webapp-base/shipreq/webapp/base/lib/LoggerJs.scala	210
file:/shipreq/webapp-base/shipreq/webapp/base/lib/PromptJs.scala	302
file:/shipreq/webapp-base/shipreq/webapp/base/protocol/ajax/AjaxClient.scala	2477
file:/shipreq/webapp-base/shipreq/webapp/base/protocol/ajax/CommonProtocolsJs.scala	351
file:/shipreq/webapp-base/shipreq/webapp/base/protocol/ajax/CommonProtocols.scala	6663
file:/shipreq/webapp-base/shipreq/webapp/base/protocol/binary/errors.scala	696
file:/shipreq/webapp-base/shipreq/webapp/base/protocol/binary/SafePickler.scala	6055
file:/shipreq/webapp-base/shipreq/webapp/base/protocol/binary/v1/BaseData.scala	8832
file:/shipreq/webapp-base/shipreq/webapp/base/protocol/entrypoint/ClientSideProcImpl.scala	157
file:/shipreq/webapp-base/shipreq/webapp/base/protocol/entrypoint/ClientSideProc.scala	286
file:/shipreq/webapp-base/shipreq/webapp/base/protocol/Protocol.scala	1210
file:/shipreq/webapp-base/shipreq/webapp/base/protocol/ServerSideProcInvoker.scala	1903
file:/shipreq/webapp-base/shipreq/webapp/base/protocol/Version.scala	1610
file:/shipreq/webapp-base/shipreq/webapp/base/protocol/websocket/WebSocketClient.scala	10556
file:/shipreq/webapp-base/shipreq/webapp/base/protocol/websocket/WebSocket.scala	3037
file:/shipreq/webapp-base/shipreq/webapp/base/protocol/websocket/WebSocketShared.scala	3282
file:/shipreq/webapp-base/shipreq/webapp/base/protocol/webstorage/AbstractWebStorage.scala	2187
file:/shipreq/webapp-base/shipreq/webapp/base/protocol/webstorage/ValueCodec.scala	1318
file:/shipreq/webapp-base/shipreq/webapp/base/protocol/webstorage/WebStorageKey.scala	568
file:/shipreq/webapp-base/shipreq/webapp/base/ui/ClientResources.scala	536
file:/shipreq/webapp-base/shipreq/webapp/base/ui/CommmonUiText.scala	35
file:/shipreq/webapp-base/shipreq/webapp/base/ui/GeneralTheme.scala	749
file:/shipreq/webapp-base/shipreq/webapp/base/ui/semantic/Breadcrumb.scala	4684
file:/shipreq/webapp-base/shipreq/webapp/base/ui/semantic/Button.scala	5601
file:/shipreq/webapp-base/shipreq/webapp/base/ui/semantic/common.scala	3228
file:/shipreq/webapp-base/shipreq/webapp/base/ui/semantic/Dropdown.scala	4546
file:/shipreq/webapp-base/shipreq/webapp/base/ui/semantic/Header.scala	2183
file:/shipreq/webapp-base/shipreq/webapp/base/ui/semantic/Icon.scala	14471
file:/shipreq/webapp-base/shipreq/webapp/base/ui/semantic/Input.scala	2327
file:/shipreq/webapp-base/shipreq/webapp/base/ui/semantic/JQuery.scala	187
file:/shipreq/webapp-base/shipreq/webapp/base/ui/semantic/Label.scala	1047
file:/shipreq/webapp-base/shipreq/webapp/base/ui/semantic/Menu.scala	7212
file:/shipreq/webapp-base/shipreq/webapp/base/ui/semantic/Message.scala	2305
file:/shipreq/webapp-base/shipreq/webapp/base/ui/semantic/Modal.scala	816
file:/shipreq/webapp-base/shipreq/webapp/base/ui/semantic/package.scala	1421
file:/shipreq/webapp-base/shipreq/webapp/base/ui/semantic/Popup.scala	2636
file:/shipreq/webapp-base/shipreq/webapp/base/ui/semantic/Segment.scala	291
file:/shipreq/webapp-base/shipreq/webapp/base/ui/semantic/Statistic.scala	3054
file:/shipreq/webapp-base/shipreq/webapp/base/ui/semantic/Table.scala	360
file:/shipreq/webapp-base/shipreq/webapp/base/ui/semantic/Transition.scala	203
file:/shipreq/webapp-base/shipreq/webapp/base/ui/widgets/Dropdown.scala	3092
file:/shipreq/webapp-base/shipreq/webapp/base/ui/widgets/FeedbackModal.scala	2939
file:/shipreq/webapp-base/shipreq/webapp/base/ui/widgets/Form.scala	8313
file:/shipreq/webapp-base/shipreq/webapp/base/ui/widgets/ModalForm.scala	3996
file:/shipreq/webapp-base/shipreq/webapp/base/ui/widgets/NoContentMessage.scala	400
file:/shipreq/webapp-base/shipreq/webapp/base/util/Accessibility.scala	223
file:/shipreq/webapp-base/shipreq/webapp/base/util/BaseReusability.scala	1035
file:/shipreq/webapp-base/shipreq/webapp/base/util/Browser.scala	318
file:/shipreq/webapp-base/shipreq/webapp/base/util/CallbackHelpers.scala	782
file:/shipreq/webapp-base/shipreq/webapp/base/util/CharSubset.scala	3119
file:/shipreq/webapp-base/shipreq/webapp/base/util/ClientUtil.scala	424
file:/shipreq/webapp-base/shipreq/webapp/base/util/DomUtil.scala	2677
file:/shipreq/webapp-base/shipreq/webapp/base/util/GoogleAnalytics.scala	428
file:/shipreq/webapp-base/shipreq/webapp/base/util/KeyHandler.scala	4968
file:/shipreq/webapp-base/shipreq/webapp/base/util/LastValueMemo.scala	532
file:/shipreq/webapp-base/shipreq/webapp/base/util/LruMemo.scala	819
file:/shipreq/webapp-base/shipreq/webapp/base/util/Obfuscated.scala	631
file:/shipreq/webapp-base/shipreq/webapp/base/util/On.scala	880
file:/shipreq/webapp-base/shipreq/webapp/base/util/Open.scala	729
file:/shipreq/webapp-base/shipreq/webapp/base/util/PreProcessing.scala	1595
file:/shipreq/webapp-base/shipreq/webapp/base/util/ReactKeyGen.scala	342
file:/shipreq/webapp-base/shipreq/webapp/base/util/Reorder.scala	490
file:/shipreq/webapp-base/shipreq/webapp/base/util/TaskRepeater.scala	1387
file:/shipreq/webapp-base/shipreq/webapp/base/util/TextMod.scala	1517
file:/shipreq/webapp-base/shipreq/webapp/base/validation/lib/CommonValidation.scala	2571
file:/shipreq/webapp-base/shipreq/webapp/base/validation/lib/Composite.scala	1764
file:/shipreq/webapp-base/shipreq/webapp/base/validation/lib/Generic.scala	9925
file:/shipreq/webapp-base/shipreq/webapp/base/validation/lib/Implicits.scala	670
file:/shipreq/webapp-base/shipreq/webapp/base/validation/lib/Simple.scala	1090
file:/shipreq/webapp-base/shipreq/webapp/base/validation/lib/Uniqueness.scala	1250
file:/shipreq/webapp-base/shipreq/webapp/base/validation/UserValidators.scala	1647
file:/shipreq/webapp-base/shipreq/webapp/base/validation/ValidationUX.scala	1599
file:/shipreq/webapp-client-loaders/shipreq/webapp/client/loaders/Loader.scala	361
file:/shipreq/webapp-client-loaders/shipreq/webapp/client/loaders/ProjectSpaLoader.scala	851
file:/shipreq/webapp-client-project/shipreq/webapp/client/project/app/Main.scala	1252
file:/shipreq/webapp-client-project/shipreq/webapp/client/project/app/package.scala	154
file:/shipreq/webapp-client-project/shipreq/webapp/client/project/app/pages/config/fields/DerivativeTagRuleEditor.scala	18767
file:/shipreq/webapp-client-project/shipreq/webapp/client/project/app/pages/config/fields/DerivativeTagsEditor.scala	5558
file:/shipreq/webapp-client-project/shipreq/webapp/client/project/app/pages/config/fields/FieldConfig.scala	11687
file:/shipreq/webapp-client-project/shipreq/webapp/client/project/app/pages/config/fields/FieldList.scala	7587
file:/shipreq/webapp-client-project/shipreq/webapp/client/project/app/pages/config/fields/ImpFieldEditor.scala	4728
file:/shipreq/webapp-client-project/shipreq/webapp/client/project/app/pages/config/fields/Shared.scala	397
file:/shipreq/webapp-client-project/shipreq/webapp/client/project/app/pages/config/fields/StaticFieldEditor.scala	3375
file:/shipreq/webapp-client-project/shipreq/webapp/client/project/app/pages/config/fields/TagFieldEditor.scala	6424
file:/shipreq/webapp-client-project/shipreq/webapp/client/project/app/pages/config/fields/TextFieldEditor.scala	3694
file:/shipreq/webapp-client-project/shipreq/webapp/client/project/app/pages/config/issues/CustomIssueTypeEditor.scala	3783
file:/shipreq/webapp-client-project/shipreq/webapp/client/project/app/pages/config/issues/CustomIssueTypeList.scala	3565
file:/shipreq/webapp-client-project/shipreq/webapp/client/project/app/pages/config/issues/IssueConfig.scala	4386
file:/shipreq/webapp-client-project/shipreq/webapp/client/project/app/pages/config/issues/OtherIssueSources.scala	3817
file:/shipreq/webapp-client-project/shipreq/webapp/client/project/app/pages/config/reqtypes/CustomReqTypeEditor.scala	5811
file:/shipreq/webapp-client-project/shipreq/webapp/client/project/app/pages/config/reqtypes/ReqTypeConfig.scala	7322
file:/shipreq/webapp-client-project/shipreq/webapp/client/project/app/pages/config/reqtypes/ReqTypeList.scala	3624
file:/shipreq/webapp-client-project/shipreq/webapp/client/project/app/pages/config/reqtypes/Shared.scala	1209
file:/shipreq/webapp-client-project/shipreq/webapp/client/project/app/pages/config/reqtypes/StaticReqTypeEditor.scala	1231
file:/shipreq/webapp-client-project/shipreq/webapp/client/project/app/pages/config/tags/ApplicableTagEditor.scala	8944
file:/shipreq/webapp-client-project/shipreq/webapp/client/project/app/pages/config/tags/NoTags.scala	247
file:/shipreq/webapp-client-project/shipreq/webapp/client/project/app/pages/config/tags/Shared.scala	758
file:/shipreq/webapp-client-project/shipreq/webapp/client/project/app/pages/config/tags/TagConfig.scala	7454
file:/shipreq/webapp-client-project/shipreq/webapp/client/project/app/pages/config/tags/TagGroupEditor.scala	9282
file:/shipreq/webapp-client-project/shipreq/webapp/client/project/app/pages/config/tags/TagPalette.scala	698
file:/shipreq/webapp-client-project/shipreq/webapp/client/project/app/pages/config/tags/TagRelationshipEditor.scala	8841
file:/shipreq/webapp-client-project/shipreq/webapp/client/project/app/pages/config/tags/TagTreeView.scala	5040
file:/shipreq/webapp-client-project/shipreq/webapp/client/project/app/pages/content/issues/Actions.scala	3380
file:/shipreq/webapp-client-project/shipreq/webapp/client/project/app/pages/content/issues/Column.scala	2038
file:/shipreq/webapp-client-project/shipreq/webapp/client/project/app/pages/content/issues/IssueField.scala	1310
file:/shipreq/webapp-client-project/shipreq/webapp/client/project/app/pages/content/issues/IssuesPage.scala	4889
file:/shipreq/webapp-client-project/shipreq/webapp/client/project/app/pages/content/issues/NewIssue.scala	2639
file:/shipreq/webapp-client-project/shipreq/webapp/client/project/app/pages/content/issues/NoContent.scala	111
file:/shipreq/webapp-client-project/shipreq/webapp/client/project/app/pages/content/issues/package.scala	162
file:/shipreq/webapp-client-project/shipreq/webapp/client/project/app/pages/content/issues/Row.scala	9849
file:/shipreq/webapp-client-project/shipreq/webapp/client/project/app/pages/content/issues/Sorter.scala	1571
file:/shipreq/webapp-client-project/shipreq/webapp/client/project/app/pages/content/issues/Summary.scala	1357
file:/shipreq/webapp-client-project/shipreq/webapp/client/project/app/pages/content/issues/TableHeader.scala	1379
file:/shipreq/webapp-client-project/shipreq/webapp/client/project/app/pages/content/issues/TableRow.scala	5943
file:/shipreq/webapp-client-project/shipreq/webapp/client/project/app/pages/content/issues/Table.scala	4915
file:/shipreq/webapp-client-project/shipreq/webapp/client/project/app/pages/content/reqdetail/Cell.scala	2029
file:/shipreq/webapp-client-project/shipreq/webapp/client/project/app/pages/content/reqdetail/CustomTagFieldRow.scala	3148
file:/shipreq/webapp-client-project/shipreq/webapp/client/project/app/pages/content/reqdetail/GenericEditableRow.scala	2177
file:/shipreq/webapp-client-project/shipreq/webapp/client/project/app/pages/content/reqdetail/HeaderRow.scala	3855
file:/shipreq/webapp-client-project/shipreq/webapp/client/project/app/pages/content/reqdetail/ImplicationsRow.scala	2424
file:/shipreq/webapp-client-project/shipreq/webapp/client/project/app/pages/content/reqdetail/LifeRow.scala	1828
file:/shipreq/webapp-client-project/shipreq/webapp/client/project/app/pages/content/reqdetail/ReqDetail.scala	15479
file:/shipreq/webapp-client-project/shipreq/webapp/client/project/app/pages/content/reqdetail/ReqImplicationGraph.scala	3703
file:/shipreq/webapp-client-project/shipreq/webapp/client/project/app/pages/content/reqdetail/ReqTypeRow.scala	4665
file:/shipreq/webapp-client-project/shipreq/webapp/client/project/app/pages/content/reqdetail/Row.scala	4861
file:/shipreq/webapp-client-project/shipreq/webapp/client/project/app/pages/content/reqdetail/Shared.scala	2148
file:/shipreq/webapp-client-project/shipreq/webapp/client/project/app/pages/content/reqdetail/UseCaseStepControls.scala	2408
file:/shipreq/webapp-client-project/shipreq/webapp/client/project/app/pages/content/reqdetail/UseCaseStepRow.scala	4879
file:/shipreq/webapp-client-project/shipreq/webapp/client/project/app/pages/content/reqdetail/UseCaseStepTree.scala	5263
file:/shipreq/webapp-client-project/shipreq/webapp/client/project/app/pages/content/reqgraph/ConfigEditor.scala	3490
file:/shipreq/webapp-client-project/shipreq/webapp/client/project/app/pages/content/reqgraph/ReqGraphPage.scala	2057
file:/shipreq/webapp-client-project/shipreq/webapp/client/project/app/pages/content/reqtable/ColumnSelector.scala	2484
file:/shipreq/webapp-client-project/shipreq/webapp/client/project/app/pages/content/reqtable/Expansion.scala	1665
file:/shipreq/webapp-client-project/shipreq/webapp/client/project/app/pages/content/reqtable/Expansions.scala	4729
file:/shipreq/webapp-client-project/shipreq/webapp/client/project/app/pages/content/reqtable/Logic.scala	10919
file:/shipreq/webapp-client-project/shipreq/webapp/client/project/app/pages/content/reqtable/NewForm.scala	11181
file:/shipreq/webapp-client-project/shipreq/webapp/client/project/app/pages/content/reqtable/NewStuff.scala	2352
file:/shipreq/webapp-client-project/shipreq/webapp/client/project/app/pages/content/reqtable/PageSummary.scala	1508
file:/shipreq/webapp-client-project/shipreq/webapp/client/project/app/pages/content/reqtable/ReqTablePage.scala	8845
file:/shipreq/webapp-client-project/shipreq/webapp/client/project/app/pages/content/reqtable/Row.scala	6133
file:/shipreq/webapp-client-project/shipreq/webapp/client/project/app/pages/content/reqtable/SelectionCtrls.scala	7993
file:/shipreq/webapp-client-project/shipreq/webapp/client/project/app/pages/content/reqtable/SortCriteriaEditor.scala	2687
file:/shipreq/webapp-client-project/shipreq/webapp/client/project/app/pages/content/reqtable/Sorter.scala	3085
file:/shipreq/webapp-client-project/shipreq/webapp/client/project/app/pages/content/reqtable/TableContentStats.scala	910
file:/shipreq/webapp-client-project/shipreq/webapp/client/project/app/pages/content/reqtable/Table.scala	17288
file:/shipreq/webapp-client-project/shipreq/webapp/client/project/app/pages/root/ConnectionStatus.scala	936
file:/shipreq/webapp-client-project/shipreq/webapp/client/project/app/pages/root/Layout.scala	6727
file:/shipreq/webapp-client-project/shipreq/webapp/client/project/app/pages/root/LoadedRoot.scala	12553
file:/shipreq/webapp-client-project/shipreq/webapp/client/project/app/pages/root/LoadFailedPage.scala	763
file:/shipreq/webapp-client-project/shipreq/webapp/client/project/app/pages/root/ProjectHome.scala	832
file:/shipreq/webapp-client-project/shipreq/webapp/client/project/app/pages/root/ProjectIndex.scala	7419
file:/shipreq/webapp-client-project/shipreq/webapp/client/project/app/pages/root/ReqLookupPrompt.scala	2790
file:/shipreq/webapp-client-project/shipreq/webapp/client/project/app/pages/root/Routes.scala	4961
file:/shipreq/webapp-client-project/shipreq/webapp/client/project/app/pages/root/State.scala	25300
file:/shipreq/webapp-client-project/shipreq/webapp/client/project/app/pages/root/UnsavedChanges.scala	7463
file:/shipreq/webapp-client-project/shipreq/webapp/client/project/app/state/Global.scala	6419
file:/shipreq/webapp-client-project/shipreq/webapp/client/project/app/state/NewEvents.scala	503
file:/shipreq/webapp-client-project/shipreq/webapp/client/project/app/state/ProjectState.scala	1617
file:/shipreq/webapp-client-project/shipreq/webapp/client/project/app/Style.scala	89558
file:/shipreq/webapp-client-project/shipreq/webapp/client/project/app/TestMarker.scala	575
file:/shipreq/webapp-client-project/shipreq/webapp/client/project/app/WebWorkerClient.scala	1058
file:/shipreq/webapp-client-project/shipreq/webapp/client/project/feature/create/Editability.scala	1948
file:/shipreq/webapp-client-project/shipreq/webapp/client/project/feature/create/EditorArgs.scala	9413
file:/shipreq/webapp-client-project/shipreq/webapp/client/project/feature/create/Feature.scala	11635
file:/shipreq/webapp-client-project/shipreq/webapp/client/project/feature/CreateFeature.scala	281
file:/shipreq/webapp-client-project/shipreq/webapp/client/project/feature/create/FieldKey.scala	10689
file:/shipreq/webapp-client-project/shipreq/webapp/client/project/feature/create/NewEditor.scala	10125
file:/shipreq/webapp-client-project/shipreq/webapp/client/project/feature/create/RowKey.scala	3586
file:/shipreq/webapp-client-project/shipreq/webapp/client/project/feature/deletion/DeleteOrRestore.scala	1006
file:/shipreq/webapp-client-project/shipreq/webapp/client/project/feature/deletion/DeletionForm.scala	4349
file:/shipreq/webapp-client-project/shipreq/webapp/client/project/feature/deletion/DeletionRestorationLogic.scala	2837
file:/shipreq/webapp-client-project/shipreq/webapp/client/project/feature/DeletionFeature.scala	220
file:/shipreq/webapp-client-project/shipreq/webapp/client/project/feature/deletion/RestorationForm.scala	2589
file:/shipreq/webapp-client-project/shipreq/webapp/client/project/feature/deletion/SharedUI.scala	2594
file:/shipreq/webapp-client-project/shipreq/webapp/client/project/feature/editor/Editability.scala	6451
file:/shipreq/webapp-client-project/shipreq/webapp/client/project/feature/editor/EditorArgs.scala	9795
file:/shipreq/webapp-client-project/shipreq/webapp/client/project/feature/editor/EditorKeys.scala	1370
file:/shipreq/webapp-client-project/shipreq/webapp/client/project/feature/editor/Feature.scala	17146
file:/shipreq/webapp-client-project/shipreq/webapp/client/project/feature/EditorFeature.scala	309
file:/shipreq/webapp-client-project/shipreq/webapp/client/project/feature/editor/FieldKey.scala	12423
file:/shipreq/webapp-client-project/shipreq/webapp/client/project/feature/editor/NewEditor.scala	28452
file:/shipreq/webapp-client-project/shipreq/webapp/client/project/feature/editor/PotentialValue.scala	2958
file:/shipreq/webapp-client-project/shipreq/webapp/client/project/feature/editor/RowKey.scala	2898
file:/shipreq/webapp-client-project/shipreq/webapp/client/project/feature/Modal.scala	418
file:/shipreq/webapp-client-project/shipreq/webapp/client/project/feature/RenderFeature.scala	1645
file:/shipreq/webapp-client-project/shipreq/webapp/client/project/feature/render/Feature.scala	4096
file:/shipreq/webapp-client-project/shipreq/webapp/client/project/feature/render/FieldKey.scala	4044
file:/shipreq/webapp-client-project/shipreq/webapp/client/project/feature/render/RowKey.scala	139
file:/shipreq/webapp-client-project/shipreq/webapp/client/project/feature/savedview/ColumnLogic.scala	2675
file:/shipreq/webapp-client-project/shipreq/webapp/client/project/feature/savedview/ColumnPlus.scala	2355
file:/shipreq/webapp-client-project/shipreq/webapp/client/project/feature/SavedViewFeature.scala	2149
file:/shipreq/webapp-client-project/shipreq/webapp/client/project/feature/savedview/State.scala	2781
file:/shipreq/webapp-client-project/shipreq/webapp/client/project/feature/savedview/Static.scala	4531
file:/shipreq/webapp-client-project/shipreq/webapp/client/project/feature/savedview/ViewLogic.scala	16541
file:/shipreq/webapp-client-project/shipreq/webapp/client/project/feature/savedview/ViewManager.scala	5564
file:/shipreq/webapp-client-project/shipreq/webapp/client/project/feature/Selection.scala	3358
file:/shipreq/webapp-client-project/shipreq/webapp/client/project/feature/Usage.scala	1596
file:/shipreq/webapp-client-project/shipreq/webapp/client/project/util/DataReusability.scala	351
file:/shipreq/webapp-client-project/shipreq/webapp/client/project/util/GraphColours.scala	1128
file:/shipreq/webapp-client-project/shipreq/webapp/client/project/util/TextEditor.scala	234
file:/shipreq/webapp-client-project/shipreq/webapp/client/project/widgets/AbortButton.scala	400
file:/shipreq/webapp-client-project/shipreq/webapp/client/project/widgets/ApplicableReqTypeEditor.scala	4494
file:/shipreq/webapp-client-project/shipreq/webapp/client/project/widgets/ButtonAndDropdown.scala	896
file:/shipreq/webapp-client-project/shipreq/webapp/client/project/widgets/ButtonsAndDropdown.scala	5726
file:/shipreq/webapp-client-project/shipreq/webapp/client/project/widgets/CheckboxList.scala	3631
file:/shipreq/webapp-client-project/shipreq/webapp/client/project/widgets/ColourPicker.scala	3870
file:/shipreq/webapp-client-project/shipreq/webapp/client/project/widgets/DropdownAndTextEditor.scala	2473
file:/shipreq/webapp-client-project/shipreq/webapp/client/project/widgets/DropdownButton.scala	2077
file:/shipreq/webapp-client-project/shipreq/webapp/client/project/widgets/EditorButtons.scala	7628
file:/shipreq/webapp-client-project/shipreq/webapp/client/project/widgets/EditorNavParent.scala	1478
file:/shipreq/webapp-client-project/shipreq/webapp/client/project/widgets/editors_with_controls/ImplicationEditor.scala	6673
file:/shipreq/webapp-client-project/shipreq/webapp/client/project/widgets/editors_with_controls/ReqCodeEditor.scala	5414
file:/shipreq/webapp-client-project/shipreq/webapp/client/project/widgets/editors_with_controls/ReqTypeSelector.scala	2564
file:/shipreq/webapp-client-project/shipreq/webapp/client/project/widgets/editors_with_controls/RichTextEditor.scala	14042
file:/shipreq/webapp-client-project/shipreq/webapp/client/project/widgets/editors_with_controls/TagEditor.scala	6190
file:/shipreq/webapp-client-project/shipreq/webapp/client/project/widgets/editors_with_controls/UseCaseStepEditor.scala	5667
file:/shipreq/webapp-client-project/shipreq/webapp/client/project/widgets/FilterDeadButton.scala	1013
file:/shipreq/webapp-client-project/shipreq/webapp/client/project/widgets/FilterEditor.scala	6955
file:/shipreq/webapp-client-project/shipreq/webapp/client/project/widgets/FilterHelp.scala	12447
file:/shipreq/webapp-client-project/shipreq/webapp/client/project/widgets/GraphComponent.scala	3381
file:/shipreq/webapp-client-project/shipreq/webapp/client/project/widgets/HelpModal.scala	1790
file:/shipreq/webapp-client-project/shipreq/webapp/client/project/widgets/ImplicationGraph.scala	15353
file:/shipreq/webapp-client-project/shipreq/webapp/client/project/widgets/ImplyNewReqButton.scala	2068
file:/shipreq/webapp-client-project/shipreq/webapp/client/project/widgets/LifeButton.scala	762
file:/shipreq/webapp-client-project/shipreq/webapp/client/project/widgets/NewReqButton.scala	1393
file:/shipreq/webapp-client-project/shipreq/webapp/client/project/widgets/NoFilterResults.scala	254
file:/shipreq/webapp-client-project/shipreq/webapp/client/project/widgets/ProjectWidgets.scala	11692
file:/shipreq/webapp-client-project/shipreq/webapp/client/project/widgets/ReqSearch.scala	10852
file:/shipreq/webapp-client-project/shipreq/webapp/client/project/widgets/ReqTypeRulesEditor.scala	13481
file:/shipreq/webapp-client-project/shipreq/webapp/client/project/widgets/RichCodeBlock.scala	2406
file:/shipreq/webapp-client-project/shipreq/webapp/client/project/widgets/RichTextEditorHelp.scala	8111
file:/shipreq/webapp-client-project/shipreq/webapp/client/project/widgets/SplitScreenCrud.scala	10267
file:/shipreq/webapp-client-project/shipreq/webapp/client/project/widgets/SplitScreen.scala	666
file:/shipreq/webapp-client-project/shipreq/webapp/client/project/widgets/SummaryUI.scala	1821
file:/shipreq/webapp-client-project/shipreq/webapp/client/project/widgets/UseCaseStepFlowGraph.scala	1976
file:/shipreq/webapp-client-project/shipreq/webapp/client/project/widgets/UserDefinedGraph.scala	12206
file:/shipreq/webapp-client-project/shipreq/webapp/client/project/widgets/ViewReqCache.scala	1908
file:/shipreq/webapp-client-project/shipreq/webapp/client/project/widgets/ViewReq.scala	4159
file:/shipreq/webapp-client-project/shipreq/webapp/client/project/widgets/ViewTags.scala	7577
file:/shipreq/webapp-client-project/shipreq/webapp/client/project/widgets/Widgets.scala	435
file:/shipreq/webapp-client-ww-api/shipreq/webapp/client/ww/api/Client.scala	2099
file:/shipreq/webapp-client-ww-api/shipreq/webapp/client/ww/api/Protocol.scala	1227
file:/shipreq/webapp-client-ww-api/shipreq/webapp/client/ww/api/WebWorkerCmd.scala	5044
file:/shipreq/webapp-macro/shipreq/webapp/member/util/GenericData.scala	927
file:/shipreq/webapp-member/shipreq/webapp/member/feature/AutoCompleteFeature.scala	1088
file:/shipreq/webapp-member/shipreq/webapp/member/feature/autocomplete/ForComponent.scala	3645
file:/shipreq/webapp-member/shipreq/webapp/member/feature/autocomplete/Implicits.scala	488
file:/shipreq/webapp-member/shipreq/webapp/member/feature/autocomplete/InputComponent.scala	1690
file:/shipreq/webapp-member/shipreq/webapp/member/feature/autocomplete/strategies/Context.scala	1589
file:/shipreq/webapp-member/shipreq/webapp/member/feature/autocomplete/strategies/HashtagStrategies.scala	714
file:/shipreq/webapp-member/shipreq/webapp/member/feature/autocomplete/strategies/package.scala	258
file:/shipreq/webapp-member/shipreq/webapp/member/feature/autocomplete/strategies/ProjectStrategies.scala	529
file:/shipreq/webapp-member/shipreq/webapp/member/feature/autocomplete/strategies/QueryModule.scala	705
file:/shipreq/webapp-member/shipreq/webapp/member/feature/autocomplete/strategies/RefStrategies.scala	3034
file:/shipreq/webapp-member/shipreq/webapp/member/feature/autocomplete/strategies/ReqCodeStrategies.scala	2772
file:/shipreq/webapp-member/shipreq/webapp/member/feature/autocomplete/strategies/SmallStrategies.scala	727
file:/shipreq/webapp-member/shipreq/webapp/member/feature/editcontrols/Controls.scala	3039
file:/shipreq/webapp-member/shipreq/webapp/member/feature/editcontrols/EditTheme.scala	4541
file:/shipreq/webapp-member/shipreq/webapp/member/feature/editcontrols/ExtraControls.scala	722
file:/shipreq/webapp-member/shipreq/webapp/member/feature/EditControlsFeature.scala	1485
file:/shipreq/webapp-member/shipreq/webapp/member/feature/editcontrols/Instructions.scala	2812
file:/shipreq/webapp-member/shipreq/webapp/member/feature/editcontrols/Keys.scala	160
file:/shipreq/webapp-member/shipreq/webapp/member/feature/editcontrols/Layout.scala	2855
file:/shipreq/webapp-member/shipreq/webapp/member/feature/editcontrols/types.scala	4642
file:/shipreq/webapp-member/shipreq/webapp/member/feature/PreviewFeature.scala	12543
file:/shipreq/webapp-member/shipreq/webapp/member/jsfacade/HtmlReactParser.scala	106
file:/shipreq/webapp-member/shipreq/webapp/member/jsfacade/MomentJs.scala	597
file:/shipreq/webapp-member/shipreq/webapp/member/jsfacade/ReactCollapse.scala	468
file:/shipreq/webapp-member/shipreq/webapp/member/jsfacade/ReactColor.scala	1901
file:/shipreq/webapp-member/shipreq/webapp/member/jsfacade/ReactSvgPanZoom.scala	1046
file:/shipreq/webapp-member/shipreq/webapp/member/jsfacade/ReactVirtualized.scala	412
file:/shipreq/webapp-member/shipreq/webapp/member/jsfacade/ScrollIntoViewIfNeeded.scala	333
file:/shipreq/webapp-member/shipreq/webapp/member/jsfacade/TextComplete.scala	1947
file:/shipreq/webapp-member/shipreq/webapp/member/jsfacade/TinyColor.scala	240
file:/shipreq/webapp-member/shipreq/webapp/member/package.scala	182
file:/shipreq/webapp-member/shipreq/webapp/member/project/data/ApplicableReqTypes.scala	914
file:/shipreq/webapp-member/shipreq/webapp/member/project/data/Colour.scala	1649
file:/shipreq/webapp-member/shipreq/webapp/member/project/data/Contextualise.scala	744
file:/shipreq/webapp-member/shipreq/webapp/member/project/data/CustomIssueType.scala	2948
file:/shipreq/webapp-member/shipreq/webapp/member/project/data/DataProp.scala	24685
file:/shipreq/webapp-member/shipreq/webapp/member/project/data/DataValidators.scala	11026
file:/shipreq/webapp-member/shipreq/webapp/member/project/data/DeletionReasons.scala	1164
file:/shipreq/webapp-member/shipreq/webapp/member/project/data/derivation/AtomScan.scala	2685
file:/shipreq/webapp-member/shipreq/webapp/member/project/data/derivation/DataLogic.scala	2483
file:/shipreq/webapp-member/shipreq/webapp/member/project/data/derivation/LiveDeadStatMap.scala	2082
file:/shipreq/webapp-member/shipreq/webapp/member/project/data/derivation/LiveDeadStat.scala	2688
file:/shipreq/webapp-member/shipreq/webapp/member/project/data/derivation/Location.scala	1646
file:/shipreq/webapp-member/shipreq/webapp/member/project/data/derivation/NaTags.scala	1137
file:/shipreq/webapp-member/shipreq/webapp/member/project/data/derivation/ProjectApplicability.scala	487
file:/shipreq/webapp-member/shipreq/webapp/member/project/data/derivation/ReqCodeTrieScan.scala	1093
file:/shipreq/webapp-member/shipreq/webapp/member/project/data/derivation/TagFieldDistribution.scala	2019
file:/shipreq/webapp-member/shipreq/webapp/member/project/data/derivation/TagGroupTags.scala	1856
file:/shipreq/webapp-member/shipreq/webapp/member/project/data/derivation/UseCaseStepLabelLookup.scala	2764
file:/shipreq/webapp-member/shipreq/webapp/member/project/data/derivation/VirtualProjectTags.scala	20560
file:/shipreq/webapp-member/shipreq/webapp/member/project/data/DerivativeTags.scala	1892
file:/shipreq/webapp-member/shipreq/webapp/member/project/data/FieldReqTypeRules.scala	5060
file:/shipreq/webapp-member/shipreq/webapp/member/project/data/Field.scala	24213
file:/shipreq/webapp-member/shipreq/webapp/member/project/data/FieldSetRules.scala	713
file:/shipreq/webapp-member/shipreq/webapp/member/project/data/FilterDead.scala	1559
file:/shipreq/webapp-member/shipreq/webapp/member/project/data/FlatTag.scala	2746
file:/shipreq/webapp-member/shipreq/webapp/member/project/data/IdCeilings.scala	4700
file:/shipreq/webapp-member/shipreq/webapp/member/project/data/Implications.scala	1236
file:/shipreq/webapp-member/shipreq/webapp/member/project/data/ManualIssue.scala	2053
file:/shipreq/webapp-member/shipreq/webapp/member/project/data/misc.scala	2557
file:/shipreq/webapp-member/shipreq/webapp/member/project/data/package.scala	967
file:/shipreq/webapp-member/shipreq/webapp/member/project/data/ProjectConfig.scala	10793
file:/shipreq/webapp-member/shipreq/webapp/member/project/data/ProjectContent.scala	5302
file:/shipreq/webapp-member/shipreq/webapp/member/project/data/ProjectMetaData.scala	1337
file:/shipreq/webapp-member/shipreq/webapp/member/project/data/Project.scala	7432
file:/shipreq/webapp-member/shipreq/webapp/member/project/data/Pubid.scala	5455
file:/shipreq/webapp-member/shipreq/webapp/member/project/data/ReqCodes.scala	8948
file:/shipreq/webapp-member/shipreq/webapp/member/project/data/ReqData.scala	1650
file:/shipreq/webapp-member/shipreq/webapp/member/project/data/ReqTypes.scala	9801
file:/shipreq/webapp-member/shipreq/webapp/member/project/data/Requirements.scala	19273
file:/shipreq/webapp-member/shipreq/webapp/member/project/data/savedview/Column.scala	4200
file:/shipreq/webapp-member/shipreq/webapp/member/project/data/savedview/ImpGraphConfig.scala	3267
file:/shipreq/webapp-member/shipreq/webapp/member/project/data/savedview/SavedView.scala	4444
file:/shipreq/webapp-member/shipreq/webapp/member/project/data/savedview/SavedViews.scala	2078
file:/shipreq/webapp-member/shipreq/webapp/member/project/data/savedview/SortCriteria.scala	1610
file:/shipreq/webapp-member/shipreq/webapp/member/project/data/savedview/SortCriterion.scala	1581
file:/shipreq/webapp-member/shipreq/webapp/member/project/data/savedview/View.scala	4493
file:/shipreq/webapp-member/shipreq/webapp/member/project/data/SpecialBuiltInField.scala	3169
file:/shipreq/webapp-member/shipreq/webapp/member/project/data/Svg.scala	654
file:/shipreq/webapp-member/shipreq/webapp/member/project/data/Tags.scala	17464
file:/shipreq/webapp-member/shipreq/webapp/member/project/event/ApplyConfigEvent.scala	20156
file:/shipreq/webapp-member/shipreq/webapp/member/project/event/ApplyContentEvent.scala	12720
file:/shipreq/webapp-member/shipreq/webapp/member/project/event/ApplyEventLib.scala	13911
file:/shipreq/webapp-member/shipreq/webapp/member/project/event/ApplyEvent.scala	5646
file:/shipreq/webapp-member/shipreq/webapp/member/project/event/ApplyOtherEvent.scala	4499
file:/shipreq/webapp-member/shipreq/webapp/member/project/event/ApplyReqCodeLogic.scala	9442
file:/shipreq/webapp-member/shipreq/webapp/member/project/event/EventOrd.scala	1036
file:/shipreq/webapp-member/shipreq/webapp/member/project/event/EventSeqSummary.scala	9875
file:/shipreq/webapp-member/shipreq/webapp/member/project/event/Events.scala	28846
file:/shipreq/webapp-member/shipreq/webapp/member/project/event/GenericData.scala	34766
file:/shipreq/webapp-member/shipreq/webapp/member/project/event/ProjectAndOrd.scala	818
file:/shipreq/webapp-member/shipreq/webapp/member/project/event/ProjectTemplate.scala	3427
file:/shipreq/webapp-member/shipreq/webapp/member/project/event/RetiredGenericData.scala	17798
file:/shipreq/webapp-member/shipreq/webapp/member/project/event/Trust.scala	887
file:/shipreq/webapp-member/shipreq/webapp/member/project/event/VerifiedEvent.scala	1779
file:/shipreq/webapp-member/shipreq/webapp/member/project/filter/CompiledFilter.scala	1849
file:/shipreq/webapp-member/shipreq/webapp/member/project/filter/FilterAlgebra.scala	19548
file:/shipreq/webapp-member/shipreq/webapp/member/project/filter/FilterAst.scala	16442
file:/shipreq/webapp-member/shipreq/webapp/member/project/filter/FilterParser.scala	56923
file:/shipreq/webapp-member/shipreq/webapp/member/project/filter/Filter.scala	2315
file:/shipreq/webapp-member/shipreq/webapp/member/project/filter/IntensionalReqSet.scala	1334
file:/shipreq/webapp-member/shipreq/webapp/member/project/issue/IssueDetector.scala	793
file:/shipreq/webapp-member/shipreq/webapp/member/project/issue/IssueDetectors.scala	11079
file:/shipreq/webapp-member/shipreq/webapp/member/project/issue/Issue.scala	18349
file:/shipreq/webapp-member/shipreq/webapp/member/project/issue/Issues.scala	4549
file:/shipreq/webapp-member/shipreq/webapp/member/project/issue/IssueStats.scala	1927
file:/shipreq/webapp-member/shipreq/webapp/member/project/issue/IssueTracker.scala	1218
file:/shipreq/webapp-member/shipreq/webapp/member/project/protocol/binary/v1/BaseMemberData1.scala	8921
file:/shipreq/webapp-member/shipreq/webapp/member/project/protocol/binary/v1/BaseMemberData2.scala	3811
file:/shipreq/webapp-member/shipreq/webapp/member/project/protocol/binary/v1/Events.scala	13005
file:/shipreq/webapp-member/shipreq/webapp/member/project/protocol/binary/v1/Latest.scala	171
file:/shipreq/webapp-member/shipreq/webapp/member/project/protocol/binary/v1/PostEvents.scala	348
file:/shipreq/webapp-member/shipreq/webapp/member/project/protocol/binary/v1/Rev1.scala	18157
file:/shipreq/webapp-member/shipreq/webapp/member/project/protocol/binary/v1/Rev4.scala	267
file:/shipreq/webapp-member/shipreq/webapp/member/project/protocol/binary/v1/Rev6.scala	22465
file:/shipreq/webapp-member/shipreq/webapp/member/project/protocol/binary/v1/Rev7.scala	18943
file:/shipreq/webapp-member/shipreq/webapp/member/project/protocol/websocket/CreateContentCmd.scala	4797
file:/shipreq/webapp-member/shipreq/webapp/member/project/protocol/websocket/ManualIssueCmd.scala	2044
file:/shipreq/webapp-member/shipreq/webapp/member/project/protocol/websocket/ProjectSpaProtocols.scala	6707
file:/shipreq/webapp-member/shipreq/webapp/member/project/protocol/websocket/SavedViewCmd.scala	2673
file:/shipreq/webapp-member/shipreq/webapp/member/project/protocol/websocket/UpdateConfigCmd.scala	17002
file:/shipreq/webapp-member/shipreq/webapp/member/project/protocol/websocket/UpdateContentCmd.scala	12550
file:/shipreq/webapp-member/shipreq/webapp/member/project/sort/FusedSorters.scala	1233
file:/shipreq/webapp-member/shipreq/webapp/member/project/sort/Sorter.scala	6301
file:/shipreq/webapp-member/shipreq/webapp/member/project/sort/SortMethod.scala	2890
file:/shipreq/webapp-member/shipreq/webapp/member/project/text/Atom.scala	25764
file:/shipreq/webapp-member/shipreq/webapp/member/project/text/Grammar.scala	3122
file:/shipreq/webapp-member/shipreq/webapp/member/project/text/GrammarSpec.scala	5087
file:/shipreq/webapp-member/shipreq/webapp/member/project/text/LineCardinality.scala	958
file:/shipreq/webapp-member/shipreq/webapp/member/project/text/Parsers.scala	84645
file:/shipreq/webapp-member/shipreq/webapp/member/project/text/PlainText.scala	7027
file:/shipreq/webapp-member/shipreq/webapp/member/project/text/ProjectText.scala	6001
file:/shipreq/webapp-member/shipreq/webapp/member/project/text/Text.scala	35277
file:/shipreq/webapp-member/shipreq/webapp/member/project/text/TextSearch.scala	6150
file:/shipreq/webapp-member/shipreq/webapp/member/project/text/TextTypeclass.scala	18498
file:/shipreq/webapp-member/shipreq/webapp/member/project/text/UseCaseStepFlowText.scala	15433
file:/shipreq/webapp-member/shipreq/webapp/member/project/util/DataReusability.scala	6345
file:/shipreq/webapp-member/shipreq/webapp/member/project/util/LruCache.scala	1546
file:/shipreq/webapp-member/shipreq/webapp/member/project/util/Must.scala	50
file:/shipreq/webapp-member/shipreq/webapp/member/project/util/ParsingUtil.scala	52957
file:/shipreq/webapp-member/shipreq/webapp/member/project/util/ReqCodeTreeItem.scala	1006
file:/shipreq/webapp-member/shipreq/webapp/member/protocol/entrypoint/ProjectSpaEntryPoint.scala	1065
file:/shipreq/webapp-member/shipreq/webapp/member/ui/AutosizeInput.scala	2519
file:/shipreq/webapp-member/shipreq/webapp/member/ui/AutosizeTextarea.scala	938
file:/shipreq/webapp-member/shipreq/webapp/member/ui/BaseStyles.scala	21426
file:/shipreq/webapp-member/shipreq/webapp/member/ui/CodeBlockWithSyntaxHighlighting.scala	2171
file:/shipreq/webapp-member/shipreq/webapp/member/ui/InlineBaseStyles.scala	980
file:/shipreq/webapp-member/shipreq/webapp/member/ui/MemberLayout.scala	722
file:/shipreq/webapp-member/shipreq/webapp/member/ui/MemberNavBar.scala	3365
file:/shipreq/webapp-member/shipreq/webapp/member/ui/OnlyVisibleOnMouseMove.scala	3625
file:/shipreq/webapp-member/shipreq/webapp/member/ui/OptionalFullscreen.scala	2693
file:/shipreq/webapp-member/shipreq/webapp/member/ui/PlainTextEditor.scala	2306
file:/shipreq/webapp-member/shipreq/webapp/member/ui/ProjectItem.scala	3675
file:/shipreq/webapp-member/shipreq/webapp/member/ui/ReauthenticationModal.scala	3303
file:/shipreq/webapp-member/shipreq/webapp/member/ui/SvgPanZoom.scala	4088
file:/shipreq/webapp-member/shipreq/webapp/member/UiText.scala	3446
file:/shipreq/webapp-member/shipreq/webapp/member/ui/TimeAgo.scala	1166
file:/shipreq/webapp-member/shipreq/webapp/member/ui/Toast.scala	5019
file://Users/lihaoyi/Github/sourcecode/sourcecode/src/sourcecode/SourceContext.scala	617
file://Users/mathias/Documents/projects/parboiled2/parboiled-core/org/parboiled2/CharPredicate.scala	7379
file://Users/mathias/Documents/projects/parboiled2/parboiled-core/org/parboiled2/package.scala	398
file://Users/mathias/Documents/projects/parboiled2/parboiled-core/org/parboiled2/ParseError.scala	9043
file://Users/mathias/Documents/projects/parboiled2/parboiled-core/org/parboiled2/ParserInput.scala	615
file://Users/mathias/Documents/projects/parboiled2/parboiled-core/org/parboiled2/Parser.scala	29266
file://Users/mathias/Documents/projects/parboiled2/parboiled-core/org/parboiled2/RuleDSLBasics.scala	392
file://Users/mathias/Documents/projects/parboiled2/parboiled-core/org/parboiled2/Rule.scala	183
file://Users/mathias/Documents/projects/parboiled2/parboiled-core/org/parboiled2/support/Unpack.scala	155
file://Users/mathias/Documents/projects/parboiled2/parboiled-core/org/parboiled2/ValueStack.scala	1626
https:/raw.githubusercontent.com/japgolly/microlibs-scala/v2.5/japgolly/microlibs/nonempty/NonEmpty.scala	2694
https:/raw.githubusercontent.com/japgolly/microlibs-scala/v2.5/japgolly/microlibs/nonempty/NonEmptySet.scala	1815
https:/raw.githubusercontent.com/japgolly/microlibs-scala/v2.5/japgolly/microlibs/nonempty/NonEmptyVector.scala	5662
https:/raw.githubusercontent.com/japgolly/microlibs-scala/v2.5/japgolly/microlibs/recursion/AtomOrComposite.scala	1516
https:/raw.githubusercontent.com/japgolly/microlibs-scala/v2.5/japgolly/microlibs/recursion/Fix.scala	398
https:/raw.githubusercontent.com/japgolly/microlibs-scala/v2.5/japgolly/microlibs/recursion/package.scala	165
https:/raw.githubusercontent.com/japgolly/microlibs-scala/v2.5/japgolly/microlibs/recursion/RecursionFn.scala	319
https:/raw.githubusercontent.com/japgolly/microlibs-scala/v2.5/japgolly/microlibs/recursion/Recursion.scala	185
https:/raw.githubusercontent.com/japgolly/microlibs-scala/v2.5/japgolly/microlibs/stdlib_ext/Extractors.scala	212
https:/raw.githubusercontent.com/japgolly/microlibs-scala/v2.5/japgolly/microlibs/stdlib_ext/PlatformSpecificStdlibExt.scala	165
https:/raw.githubusercontent.com/japgolly/microlibs-scala/v2.5/japgolly/microlibs/stdlib_ext/StdlibExt.scala	3555
https:/raw.githubusercontent.com/japgolly/microlibs-scala/v2.5/japgolly/microlibs/utils/BiMap.scala	817
https:/raw.githubusercontent.com/japgolly/microlibs-scala/v2.5/japgolly/microlibs/utils/ConciseIntSetFormat.scala	1294
https:/raw.githubusercontent.com/japgolly/microlibs-scala/v2.5/japgolly/microlibs/utils/Memo.scala	1675
https:/raw.githubusercontent.com/japgolly/microlibs-scala/v2.5/japgolly/microlibs/utils/package.scala	311
https:/raw.githubusercontent.com/japgolly/microlibs-scala/v2.5/japgolly/microlibs/utils/PlatformJS.scala	359
https:/raw.githubusercontent.com/japgolly/microlibs-scala/v2.5/japgolly/microlibs/utils/Ref.scala	197
https:/raw.githubusercontent.com/japgolly/microlibs-scala/v2.5/japgolly/microlibs/utils/StaticLookupFn.scala	4295
https:/raw.githubusercontent.com/japgolly/microlibs-scala/v2.5/japgolly/microlibs/utils/Utils.scala	562
https:/raw.githubusercontent.com/japgolly/microlibs-scala/v2.5/shared/src/main/scala-2.13/japgolly/microlibs/stdlib_ext/MutableArray.scala	1273
https:/raw.githubusercontent.com/japgolly/nyaya/v0.9.2/nyaya/prop/CycleDetector.scala	1973
https:/raw.githubusercontent.com/japgolly/nyaya/v0.9.2/nyaya/prop/Eval.scala	5696
https:/raw.githubusercontent.com/japgolly/nyaya/v0.9.2/nyaya/prop/Logic.scala	5536
https:/raw.githubusercontent.com/japgolly/nyaya/v0.9.2/nyaya/prop/package.scala	1493
https:/raw.githubusercontent.com/japgolly/nyaya/v0.9.2/nyaya/prop/Prop.scala	3122
https:/raw.githubusercontent.com/japgolly/nyaya/v0.9.2/nyaya/util/Multimap.scala	2878
https:/raw.githubusercontent.com/japgolly/nyaya/v0.9.2/nyaya/util/NonEmptyList.scala	571
https:/raw.githubusercontent.com/japgolly/nyaya/v0.9.2/nyaya/util/package.scala	782
https:/raw.githubusercontent.com/japgolly/nyaya/v0.9.2/nyaya/util/Util.scala	727
https:/raw.githubusercontent.com/japgolly/scalacss/v0.7.0/ext-react/scalacss/React.scala	2944
https:/raw.githubusercontent.com/japgolly/scalacss/v0.7.0/scalacss/defaults/DefaultSettings.scala	71
https:/raw.githubusercontent.com/japgolly/scalacss/v0.7.0/scalacss/defaults/Exports.scala	29
https:/raw.githubusercontent.com/japgolly/scalacss/v0.7.0/scalacss/defaults/PlatformExports.scala	541
https:/raw.githubusercontent.com/japgolly/scalacss/v0.7.0/scalacss/internal/Attr.scala	4397
https:/raw.githubusercontent.com/japgolly/scalacss/v0.7.0/scalacss/internal/Attrs.scala	28416
https:/raw.githubusercontent.com/japgolly/scalacss/v0.7.0/scalacss/internal/AVs.scala	1614
https:/raw.githubusercontent.com/japgolly/scalacss/v0.7.0/scalacss/internal/CanIUse2.scala	2536
https:/raw.githubusercontent.com/japgolly/scalacss/v0.7.0/scalacss/internal/CanIUse.scala	29372
https:/raw.githubusercontent.com/japgolly/scalacss/v0.7.0/scalacss/internal/Compose.scala	2220
https:/raw.githubusercontent.com/japgolly/scalacss/v0.7.0/scalacss/internal/Cond.scala	1945
https:/raw.githubusercontent.com/japgolly/scalacss/v0.7.0/scalacss/internal/CssEntry.scala	1697
https:/raw.githubusercontent.com/japgolly/scalacss/v0.7.0/scalacss/internal/Css.scala	1307
https:/raw.githubusercontent.com/japgolly/scalacss/v0.7.0/scalacss/internal/Data.scala	4199
https:/raw.githubusercontent.com/japgolly/scalacss/v0.7.0/scalacss/internal/Domain.scala	1562
https:/raw.githubusercontent.com/japgolly/scalacss/v0.7.0/scalacss/internal/Dsl.scala	14426
https:/raw.githubusercontent.com/japgolly/scalacss/v0.7.0/scalacss/internal/Env.scala	2452
https:/raw.githubusercontent.com/japgolly/scalacss/v0.7.0/scalacss/internal/generated.scala	7318
https:/raw.githubusercontent.com/japgolly/scalacss/v0.7.0/scalacss/internal/Media.scala	379
https:/raw.githubusercontent.com/japgolly/scalacss/v0.7.0/scalacss/internal/mutable/Mutex.scala	155
https:/raw.githubusercontent.com/japgolly/scalacss/v0.7.0/scalacss/internal/mutable/Register.scala	2995
https:/raw.githubusercontent.com/japgolly/scalacss/v0.7.0/scalacss/internal/mutable/Settings.scala	7
https:/raw.githubusercontent.com/japgolly/scalacss/v0.7.0/scalacss/internal/mutable/StyleSheet.scala	8905
https:/raw.githubusercontent.com/japgolly/scalacss/v0.7.0/scalacss/internal/NaturalOrdering.scala	900
https:/raw.githubusercontent.com/japgolly/scalacss/v0.7.0/scalacss/internal/Need.scala	241
https:/raw.githubusercontent.com/japgolly/scalacss/v0.7.0/scalacss/internal/NonEmptyVector.scala	1487
https:/raw.githubusercontent.com/japgolly/scalacss/v0.7.0/scalacss/internal/package.scala	955
https:/raw.githubusercontent.com/japgolly/scalacss/v0.7.0/scalacss/internal/Platform.scala	5
https:/raw.githubusercontent.com/japgolly/scalacss/v0.7.0/scalacss/internal/Pseudo.scala	6221
https:/raw.githubusercontent.com/japgolly/scalacss/v0.7.0/scalacss/internal/Renderer.scala	4544
https:/raw.githubusercontent.com/japgolly/scalacss/v0.7.0/scalacss/internal/StyleA.scala	871
https:/raw.githubusercontent.com/japgolly/scalacss/v0.7.0/scalacss/internal/StyleLookup.scala	1230
https:/raw.githubusercontent.com/japgolly/scalacss/v0.7.0/scalacss/internal/Style.scala	2567
https:/raw.githubusercontent.com/japgolly/scalacss/v0.7.0/scalacss/internal/Values.scala	5714
https:/raw.githubusercontent.com/japgolly/scalacss/v0.7.0/scalacss/internal/ValueT.scala	56034
https:/raw.githubusercontent.com/japgolly/scalacss/v0.7.0/scalacss/package.scala	183
https:/raw.githubusercontent.com/japgolly/scalajs-react/v1.7.7/core/AsyncCallback.scala	5861
https:/raw.githubusercontent.com/japgolly/scalajs-react/v1.7.7/core/CallbackKleisli.scala	1101
https:/raw.githubusercontent.com/japgolly/scalajs-react/v1.7.7/core/CallbackOption.scala	2720
https:/raw.githubusercontent.com/japgolly/scalajs-react/v1.7.7/core/Callback.scala	12941
https:/raw.githubusercontent.com/japgolly/scalajs-react/v1.7.7/core/component/builder/Builder.scala	3814
https:/raw.githubusercontent.com/japgolly/scalajs-react/v1.7.7/core/component/builder/EntryPoint.scala	323
https:/raw.githubusercontent.com/japgolly/scalajs-react/v1.7.7/core/component/builder/InitState.scala	823
https:/raw.githubusercontent.com/japgolly/scalajs-react/v1.7.7/core/component/builder/Lifecycle.scala	8772
https:/raw.githubusercontent.com/japgolly/scalajs-react/v1.7.7/core/component/builder/ViaReactComponent.scala	2853
https:/raw.githubusercontent.com/japgolly/scalajs-react/v1.7.7/core/ComponentDom.scala	1556
https:/raw.githubusercontent.com/japgolly/scalajs-react/v1.7.7/core/component/Generic.scala	1213
https:/raw.githubusercontent.com/japgolly/scalajs-react/v1.7.7/core/component/InspectRaw.scala	1392
https:/raw.githubusercontent.com/japgolly/scalajs-react/v1.7.7/core/component/JsBaseComponentTemplate.scala	1137
https:/raw.githubusercontent.com/japgolly/scalajs-react/v1.7.7/core/component/JsFn.scala	1868
https:/raw.githubusercontent.com/japgolly/scalajs-react/v1.7.7/core/component/JsForwardRef.scala	125
https:/raw.githubusercontent.com/japgolly/scalajs-react/v1.7.7/core/component/Js.scala	2309
https:/raw.githubusercontent.com/japgolly/scalajs-react/v1.7.7/core/component/ScalaFn.scala	342
https:/raw.githubusercontent.com/japgolly/scalajs-react/v1.7.7/core/component/ScalaForwardRef.scala	99
https:/raw.githubusercontent.com/japgolly/scalajs-react/v1.7.7/core/component/Scala.scala	1524
https:/raw.githubusercontent.com/japgolly/scalajs-react/v1.7.7/core/component/Template.scala	1138
https:/raw.githubusercontent.com/japgolly/scalajs-react/v1.7.7/core/CtorType.scala	6642
https:/raw.githubusercontent.com/japgolly/scalajs-react/v1.7.7/core/events.scala	644
https:/raw.githubusercontent.com/japgolly/scalajs-react/v1.7.7/core/feature/Context.scala	98
https:/raw.githubusercontent.com/japgolly/scalajs-react/v1.7.7/core/feature/Profiler.scala	99
https:/raw.githubusercontent.com/japgolly/scalajs-react/v1.7.7/core/feature/ReactFragment.scala	269
https:/raw.githubusercontent.com/japgolly/scalajs-react/v1.7.7/core/internal/AutoComponentName.scala	902
https:/raw.githubusercontent.com/japgolly/scalajs-react/v1.7.7/core/internal/Box.scala	468
https:/raw.githubusercontent.com/japgolly/scalajs-react/v1.7.7/core/internal/Effect.scala	1504
https:/raw.githubusercontent.com/japgolly/scalajs-react/v1.7.7/core/internal/JsRepr.scala	485
https:/raw.githubusercontent.com/japgolly/scalajs-react/v1.7.7/core/internal/JsUtil.scala	1548
https:/raw.githubusercontent.com/japgolly/scalajs-react/v1.7.7/core/internal/Optics.scala	878
https:/raw.githubusercontent.com/japgolly/scalajs-react/v1.7.7/core/internal/OptionLike.scala	511
https:/raw.githubusercontent.com/japgolly/scalajs-react/v1.7.7/core/internal/package.scala	978
https:/raw.githubusercontent.com/japgolly/scalajs-react/v1.7.7/core/internal/Profunctor.scala	156
https:/raw.githubusercontent.com/japgolly/scalajs-react/v1.7.7/core/internal/RateLimit.scala	511
https:/raw.githubusercontent.com/japgolly/scalajs-react/v1.7.7/core/internal/Semigroup.scala	431
https:/raw.githubusercontent.com/japgolly/scalajs-react/v1.7.7/core/internal/Singleton.scala	359
https:/raw.githubusercontent.com/japgolly/scalajs-react/v1.7.7/core/internal/SyncPromise.scala	639
https:/raw.githubusercontent.com/japgolly/scalajs-react/v1.7.7/core/internal/Timer.scala	273
https:/raw.githubusercontent.com/japgolly/scalajs-react/v1.7.7/core/internal/Trampoline.scala	5974
https:/raw.githubusercontent.com/japgolly/scalajs-react/v1.7.7/core/package.scala	1325
https:/raw.githubusercontent.com/japgolly/scalajs-react/v1.7.7/core/ReactCaughtError.scala	816
https:/raw.githubusercontent.com/japgolly/scalajs-react/v1.7.7/core/ReactDOMServer.scala	141
https:/raw.githubusercontent.com/japgolly/scalajs-react/v1.7.7/core/React.scala	182
https:/raw.githubusercontent.com/japgolly/scalajs-react/v1.7.7/core/Ref.scala	2689
https:/raw.githubusercontent.com/japgolly/scalajs-react/v1.7.7/core/Reusability.scala	6051
https:/raw.githubusercontent.com/japgolly/scalajs-react/v1.7.7/core/Reusable.scala	5701
https:/raw.githubusercontent.com/japgolly/scalajs-react/v1.7.7/core/ScalaJsReactConfig.scala	283
https:/raw.githubusercontent.com/japgolly/scalajs-react/v1.7.7/core/SetStateFns.scala	648
https:/raw.githubusercontent.com/japgolly/scalajs-react/v1.7.7/core/src/main/scala-2.13/ScalaVersionSpecificReusability.scala	18
https:/raw.githubusercontent.com/japgolly/scalajs-react/v1.7.7/core/StateAccessor.scala	695
https:/raw.githubusercontent.com/japgolly/scalajs-react/v1.7.7/core/StateAccess.scala	2637
https:/raw.githubusercontent.com/japgolly/scalajs-react/v1.7.7/core/vdom/Attr.scala	4289
https:/raw.githubusercontent.com/japgolly/scalajs-react/v1.7.7/core/vdom/Builder.scala	1072
https:/raw.githubusercontent.com/japgolly/scalajs-react/v1.7.7/core/vdom/Exports.scala	807
https:/raw.githubusercontent.com/japgolly/scalajs-react/v1.7.7/core/vdom/HtmlAttrs.scala	3115
https:/raw.githubusercontent.com/japgolly/scalajs-react/v1.7.7/core/vdom/HtmlStyles.scala	3469
https:/raw.githubusercontent.com/japgolly/scalajs-react/v1.7.7/core/vdom/HtmlTags.scala	8172
https:/raw.githubusercontent.com/japgolly/scalajs-react/v1.7.7/core/vdom/Implicits.scala	5185
https:/raw.githubusercontent.com/japgolly/scalajs-react/v1.7.7/core/vdom/Namespace.scala	301
https:/raw.githubusercontent.com/japgolly/scalajs-react/v1.7.7/core/vdom/Packages.scala	3369
https:/raw.githubusercontent.com/japgolly/scalajs-react/v1.7.7/core/vdom/ReactPortal.scala	101
https:/raw.githubusercontent.com/japgolly/scalajs-react/v1.7.7/core/vdom/Style.scala	555
https:/raw.githubusercontent.com/japgolly/scalajs-react/v1.7.7/core/vdom/TagMod.scala	2856
https:/raw.githubusercontent.com/japgolly/scalajs-react/v1.7.7/core/vdom/Tag.scala	2545
https:/raw.githubusercontent.com/japgolly/scalajs-react/v1.7.7/core/vdom/VdomArray.scala	801
https:/raw.githubusercontent.com/japgolly/scalajs-react/v1.7.7/core/vdom/VdomElement.scala	2800
https:/raw.githubusercontent.com/japgolly/scalajs-react/v1.7.7/core/vdom/VdomNode.scala	8752
https:/raw.githubusercontent.com/japgolly/scalajs-react/v1.7.7/extra/Ajax.scala	1969
https:/raw.githubusercontent.com/japgolly/scalajs-react/v1.7.7/extra/Broadcaster.scala	377
https:/raw.githubusercontent.com/japgolly/scalajs-react/v1.7.7/extra/components/TriStateCheckbox.scala	2953
https:/raw.githubusercontent.com/japgolly/scalajs-react/v1.7.7/extra/EventListener.scala	728
https:/raw.githubusercontent.com/japgolly/scalajs-react/v1.7.7/extra/internal/LazyVar.scala	246
https:/raw.githubusercontent.com/japgolly/scalajs-react/v1.7.7/extra/internal/package.scala	50
https:/raw.githubusercontent.com/japgolly/scalajs-react/v1.7.7/extra/Listenable.scala	461
https:/raw.githubusercontent.com/japgolly/scalajs-react/v1.7.7/extra/OnUnmount.scala	551
https:/raw.githubusercontent.com/japgolly/scalajs-react/v1.7.7/extra/Px.scala	5078
https:/raw.githubusercontent.com/japgolly/scalajs-react/v1.7.7/extra/router/Actions.scala	1154
https:/raw.githubusercontent.com/japgolly/scalajs-react/v1.7.7/extra/router/Dsl.scala	3914
https:/raw.githubusercontent.com/japgolly/scalajs-react/v1.7.7/extra/router/package.scala	279
https:/raw.githubusercontent.com/japgolly/scalajs-react/v1.7.7/extra/router/ResolutionWithProps.scala	409
https:/raw.githubusercontent.com/japgolly/scalajs-react/v1.7.7/extra/router/RouteCmd.scala	2537
https:/raw.githubusercontent.com/japgolly/scalajs-react/v1.7.7/extra/router/RouterCtl.scala	2323
https:/raw.githubusercontent.com/japgolly/scalajs-react/v1.7.7/extra/router/Router.scala	4214
https:/raw.githubusercontent.com/japgolly/scalajs-react/v1.7.7/extra/router/RouterWithPropsConfig.scala	3393
https:/raw.githubusercontent.com/japgolly/scalajs-react/v1.7.7/extra/router/RoutingRule.scala	2402
https:/raw.githubusercontent.com/japgolly/scalajs-react/v1.7.7/extra/router/RoutingRules.scala	3263
https:/raw.githubusercontent.com/japgolly/scalajs-react/v1.7.7/extra/router/SetRouteVia.scala	673
https:/raw.githubusercontent.com/japgolly/scalajs-react/v1.7.7/extra/router/StaticOrDynamic.scala	616
https:/raw.githubusercontent.com/japgolly/scalajs-react/v1.7.7/extra/router/Urls.scala	1533
https:/raw.githubusercontent.com/japgolly/scalajs-react/v1.7.7/extra/StateSnapshot.scala	3306
https:/raw.githubusercontent.com/japgolly/scalajs-react/v1.7.7/extra/TimerSupport.scala	228
https:/raw.githubusercontent.com/japgolly/scalajs-react/v1.7.7/monocle-scalaz/internal/MonocleExtComponent.scala	244
https:/raw.githubusercontent.com/japgolly/scalajs-react/v1.7.7/monocle-scalaz/internal/MonocleExtStateSnapshot.scala	687
https:/raw.githubusercontent.com/japgolly/scalajs-react/v1.7.7/monocle-scalaz/MonocleReact.scala	214
https:/raw.githubusercontent.com/japgolly/scalajs-react/v1.7.7/scalaz-7.2/internal/ScalazReactInstances.scala	108
https:/raw.githubusercontent.com/japgolly/scalajs-react/v1.7.7/scalaz-7.2/internal/ScalazReactState.scala	201
https:/raw.githubusercontent.com/japgolly/scalajs-react/v1.7.7/scalaz-7.2/ScalazReact.scala	175
https:/raw.githubusercontent.com/japgolly/univeq/v1.3.0/japgolly/univeq/package.scala	79
https:/raw.githubusercontent.com/japgolly/univeq/v1.3.0/japgolly/univeq/UnivEq.scala	459
https:/raw.githubusercontent.com/japgolly/univeq/v1.3.0/japgolly/univeq/UnivEqScalaz.scala	617
https:/raw.githubusercontent.com/japgolly/univeq/v1.3.0/shared/src/main/scala-2.13/ScalaUnivEq.scala	225
https:/raw.githubusercontent.com/julien-truffaut/Monocle/v1.6.3/core/monocle/Iso.scala	2437
https:/raw.githubusercontent.com/julien-truffaut/Monocle/v1.6.3/core/monocle/Lens.scala	3017
https:/raw.githubusercontent.com/julien-truffaut/Monocle/v1.6.3/core/monocle/Optional.scala	1256
https:/raw.githubusercontent.com/julien-truffaut/Monocle/v1.6.3/core/monocle/Prism.scala	1675
https:/raw.githubusercontent.com/julien-truffaut/Monocle/v1.6.3/core/monocle/std/Option.scala	230
https:/raw.githubusercontent.com/julien-truffaut/Monocle/v1.6.3/core/monocle/Traversal.scala	793
https:/raw.githubusercontent.com/milessabin/shapeless/shapeless-2.3.3/core/shapeless/hlists.scala	714
https:/raw.githubusercontent.com/milessabin/shapeless/shapeless-2.3.3/core/shapeless/syntax/hlists.scala	128
https:/raw.githubusercontent.com/scala-js/scala-js-dom/v1.1.0/org/scalajs/dom/ext/Extensions.scala	327
https:/raw.githubusercontent.com/scala-js/scala-js-dom/v1.1.0/org/scalajs/dom/package.scala	601
https:/raw.githubusercontent.com/scala-js/scala-js-dom/v1.1.0/org/scalajs/dom/raw/Html.scala	110
https:/raw.githubusercontent.com/scala-js/v1.5.0/javalanglib/java/lang/Appendable.scala	2
https:/raw.githubusercontent.com/scala-js/v1.5.0/javalanglib/java/lang/Boolean.scala	210
https:/raw.githubusercontent.com/scala-js/v1.5.0/javalanglib/java/lang/Byte.scala	92
https:/raw.githubusercontent.com/scala-js/v1.5.0/javalanglib/java/lang/Character.scala	18860
https:/raw.githubusercontent.com/scala-js/v1.5.0/javalanglib/java/lang/Class.scala	589
https:/raw.githubusercontent.com/scala-js/v1.5.0/javalanglib/java/lang/Comparable.scala	1
https:/raw.githubusercontent.com/scala-js/v1.5.0/javalanglib/java/lang/Double.scala	1384
https:/raw.githubusercontent.com/scala-js/v1.5.0/javalanglib/java/lang/Enum.scala	186
https:/raw.githubusercontent.com/scala-js/v1.5.0/javalanglib/java/lang/FloatingPointBits.scala	566
https:/raw.githubusercontent.com/scala-js/v1.5.0/javalanglib/java/lang/Float.scala	109
https:/raw.githubusercontent.com/scala-js/v1.5.0/javalanglib/java/lang/Integer.scala	3495
https:/raw.githubusercontent.com/scala-js/v1.5.0/javalanglib/java/lang/Long.scala	1235
https:/raw.githubusercontent.com/scala-js/v1.5.0/javalanglib/java/lang/Math.scala	3134
https:/raw.githubusercontent.com/scala-js/v1.5.0/javalanglib/java/lang/Number.scala	82
https:/raw.githubusercontent.com/scala-js/v1.5.0/javalanglib/java/lang/reflect/Array.scala	1104
https:/raw.githubusercontent.com/scala-js/v1.5.0/javalanglib/java/lang/Short.scala	87
https:/raw.githubusercontent.com/scala-js/v1.5.0/javalanglib/java/lang/StackTraceElement.scala	529
https:/raw.githubusercontent.com/scala-js/v1.5.0/javalanglib/java/lang/StackTrace.scala	4927
https:/raw.githubusercontent.com/scala-js/v1.5.0/javalanglib/java/lang/StringBuffer.scala	353
https:/raw.githubusercontent.com/scala-js/v1.5.0/javalanglib/java/lang/StringBuilder.scala	1604
https:/raw.githubusercontent.com/scala-js/v1.5.0/javalanglib/java/lang/_String.scala	10619
https:/raw.githubusercontent.com/scala-js/v1.5.0/javalanglib/java/lang/System.scala	3147
https:/raw.githubusercontent.com/scala-js/v1.5.0/javalanglib/java/lang/Throwables.scala	4714
https:/raw.githubusercontent.com/scala-js/v1.5.0/javalanglib/java/lang/Utils.scala	503
https:/raw.githubusercontent.com/scala-js/v1.5.0/javalanglib/java/lang/Void.scala	137
https:/raw.githubusercontent.com/scala-js/v1.5.0/javalib/java/io/FilterOutputStream.scala	46
https:/raw.githubusercontent.com/scala-js/v1.5.0/javalib/java/io/OutputStream.scala	21
https:/raw.githubusercontent.com/scala-js/v1.5.0/javalib/java/io/PrintStream.scala	102
https:/raw.githubusercontent.com/scala-js/v1.5.0/javalib/java/io/Throwables.scala	32
https:/raw.githubusercontent.com/scala-js/v1.5.0/javalib/java/math/BigInteger.scala	3363
https:/raw.githubusercontent.com/scala-js/v1.5.0/javalib/java/math/BitLevel.scala	1131
https:/raw.githubusercontent.com/scala-js/v1.5.0/javalib/java/math/Conversion.scala	1618
https:/raw.githubusercontent.com/scala-js/v1.5.0/javalib/java/math/Division.scala	863
https:/raw.githubusercontent.com/scala-js/v1.5.0/javalib/java/math/Elementary.scala	1511
https:/raw.githubusercontent.com/scala-js/v1.5.0/javalib/java/math/Multiplication.scala	1569
https:/raw.githubusercontent.com/scala-js/v1.5.0/javalib/java/nio/BufferOverflowException.scala	112
https:/raw.githubusercontent.com/scala-js/v1.5.0/javalib/java/nio/Buffer.scala	1834
https:/raw.githubusercontent.com/scala-js/v1.5.0/javalib/java/nio/BufferUnderflowException.scala	112
https:/raw.githubusercontent.com/scala-js/v1.5.0/javalib/java/nio/ByteArrayBits.scala	808
https:/raw.githubusercontent.com/scala-js/v1.5.0/javalib/java/nio/ByteBuffer.scala	1177
https:/raw.githubusercontent.com/scala-js/v1.5.0/javalib/java/nio/ByteOrder.scala	559
https:/raw.githubusercontent.com/scala-js/v1.5.0/javalib/java/nio/charset/CharacterCodingException.scala	96
https:/raw.githubusercontent.com/scala-js/v1.5.0/javalib/java/nio/charset/Charset.scala	528
https:/raw.githubusercontent.com/scala-js/v1.5.0/javalib/java/nio/charset/ISO_8859_1_And_US_ASCII_Common.scala	60
https:/raw.githubusercontent.com/scala-js/v1.5.0/javalib/java/nio/charset/ISO_8859_1.scala	319
https:/raw.githubusercontent.com/scala-js/v1.5.0/javalib/java/nio/charset/StandardCharsets.scala	5
https:/raw.githubusercontent.com/scala-js/v1.5.0/javalib/java/nio/charset/UnsupportedCharsetException.scala	120
https:/raw.githubusercontent.com/scala-js/v1.5.0/javalib/java/nio/charset/US_ASCII.scala	326
https:/raw.githubusercontent.com/scala-js/v1.5.0/javalib/java/nio/charset/UTF_16BE.scala	251
https:/raw.githubusercontent.com/scala-js/v1.5.0/javalib/java/nio/charset/UTF_16_Common.scala	66
https:/raw.githubusercontent.com/scala-js/v1.5.0/javalib/java/nio/charset/UTF_16LE.scala	236
https:/raw.githubusercontent.com/scala-js/v1.5.0/javalib/java/nio/charset/UTF_16.scala	219
https:/raw.githubusercontent.com/scala-js/v1.5.0/javalib/java/nio/charset/UTF_8.scala	575
https:/raw.githubusercontent.com/scala-js/v1.5.0/javalib/java/nio/GenBuffer.scala	948
https:/raw.githubusercontent.com/scala-js/v1.5.0/javalib/java/nio/GenHeapBuffer.scala	171
https:/raw.githubusercontent.com/scala-js/v1.5.0/javalib/java/nio/GenTypedArrayBuffer.scala	33
https:/raw.githubusercontent.com/scala-js/v1.5.0/javalib/java/nio/HeapByteBuffer.scala	586
https:/raw.githubusercontent.com/scala-js/v1.5.0/javalib/java/nio/ReadOnlyBufferException.scala	114
https:/raw.githubusercontent.com/scala-js/v1.5.0/javalib/java/nio/TypedArrayByteBuffer.scala	1079
https:/raw.githubusercontent.com/scala-js/v1.5.0/javalib/java/util/Arrays.scala	8439
https:/raw.githubusercontent.com/scala-js/v1.5.0/javalib/java/util/concurrent/atomic/AtomicInteger.scala	193
https:/raw.githubusercontent.com/scala-js/v1.5.0/javalib/java/util/concurrent/TimeUnit.scala	3392
https:/raw.githubusercontent.com/scala-js/v1.5.0/javalib/java/util/Formattable.scala	25
https:/raw.githubusercontent.com/scala-js/v1.5.0/javalib/java/util/Formatter.scala	6004
https:/raw.githubusercontent.com/scala-js/v1.5.0/javalib/java/util/regex/GroupStartMapper.scala	4138
https:/raw.githubusercontent.com/scala-js/v1.5.0/javalib/java/util/regex/Matcher.scala	1974
https:/raw.githubusercontent.com/scala-js/v1.5.0/javalib/java/util/regex/Pattern.scala	2431
https:/raw.githubusercontent.com/scala-js/v1.5.0/javalib/java/util/ScalaOps.scala	457
https:/raw.githubusercontent.com/scala-js/v1.5.0/javalib/java/util/Throwables.scala	2296
https:/raw.githubusercontent.com/scala-js/v1.5.0/javalib/scala/scalajs/js/typedarray/TypedArrayBufferBridge.scala	30
https:/raw.githubusercontent.com/scala-js/v1.5.0/library-aux/scala/runtime/RefTypes.scala	4651
https:/raw.githubusercontent.com/scala-js/v1.5.0/library-aux/scala/runtime/Statics.scala	41013
https:/raw.githubusercontent.com/scala-js/v1.5.0/library/scala/scalajs/js/Dictionary.scala	8
https:/raw.githubusercontent.com/scala-js/v1.5.0/library/scala/scalajs/js/Dynamic.scala	424
https:/raw.githubusercontent.com/scala-js/v1.5.0/library/scala/scalajs/js/JavaScriptException.scala	342
https:/raw.githubusercontent.com/scala-js/v1.5.0/library/scala/scalajs/js/JSNumberOps.scala	2
https:/raw.githubusercontent.com/scala-js/v1.5.0/library/scala/scalajs/js/package.scala	460
https:/raw.githubusercontent.com/scala-js/v1.5.0/library/scala/scalajs/js/special/package.scala	203
https:/raw.githubusercontent.com/scala-js/v1.5.0/library/scala/scalajs/js/ThisFunction.scala	393
https:/raw.githubusercontent.com/scala-js/v1.5.0/library/scala/scalajs/js/timers/package.scala	190
https:/raw.githubusercontent.com/scala-js/v1.5.0/library/scala/scalajs/js/typedarray/DataViewExt.scala	115
https:/raw.githubusercontent.com/scala-js/v1.5.0/library/scala/scalajs/js/UndefOrOps.scala	958
https:/raw.githubusercontent.com/scala-js/v1.5.0/library/scala/scalajs/js/Union.scala	234
https:/raw.githubusercontent.com/scala-js/v1.5.0/library/scala/scalajs/runtime/AnonFunctions.scala	4400
https:/raw.githubusercontent.com/scala-js/v1.5.0/library/scala/scalajs/runtime/package.scala	308
https:/raw.githubusercontent.com/scala-js/v1.5.0/library/scala/scalajs/runtime/PrivateFieldsSymbolHolder.scala	212
https:/raw.githubusercontent.com/scala-js/v1.5.0/library/src/main/scala-new-collections/scala/scalajs/js/Any.scala	485
https:/raw.githubusercontent.com/scala-js/v1.5.0/library/src/main/scala-new-collections/scala/scalajs/js/ArrayOps.scala	795
https:/raw.githubusercontent.com/scala-js/v1.5.0/library/src/main/scala-new-collections/scala/scalajs/js/JSConverters.scala	183
https:/raw.githubusercontent.com/scala-js/v1.5.0/library/src/main/scala-new-collections/scala/scalajs/js/WrappedArray.scala	1307
https:/raw.githubusercontent.com/scala-js/v1.5.0/library/src/main/scala-new-collections/scala/scalajs/js/WrappedDictionary.scala	248
https:/raw.githubusercontent.com/scala-js/v1.5.0/library/src/main/scala-new-collections/scala/scalajs/runtime/Compat.scala	229
https:/raw.githubusercontent.com/scala-js/v1.5.0/library/src/main/scala-new-collections/scala/scalajs/runtime/WrappedVarArgs.scala	30217
https:/raw.githubusercontent.com/scala-js/v1.5.0/linker-private-library/org/scalajs/linker/runtime/RuntimeLong.scala	28197
https:/raw.githubusercontent.com/scala-js/v1.5.0/scalalib/overrides-2.13/scala/Array.scala	3995
https:/raw.githubusercontent.com/scala-js/v1.5.0/scalalib/overrides-2.13/scala/collection/immutable/NumericRange.scala	4972
https:/raw.githubusercontent.com/scala-js/v1.5.0/scalalib/overrides-2.13/scala/collection/immutable/Range.scala	10784
https:/raw.githubusercontent.com/scala-js/v1.5.0/scalalib/overrides-2.13/scala/collection/mutable/ArrayBuilder.scala	4069
https:/raw.githubusercontent.com/scala-js/v1.5.0/scalalib/overrides-2.13/scala/collection/mutable/Buffer.scala	200
https:/raw.githubusercontent.com/scala-js/v1.5.0/scalalib/overrides-2.13/scala/package.scala	1164
https:/raw.githubusercontent.com/scala-js/v1.5.0/scalalib/overrides-2.13/scala/reflect/ClassTag.scala	2143
https:/raw.githubusercontent.com/scala-js/v1.5.0/scalalib/overrides-2.13/scala/reflect/Manifest.scala	6228
https:/raw.githubusercontent.com/scala-js/v1.5.0/scalalib/overrides-2.13/scala/runtime/ScalaRunTime.scala	39462
https:/raw.githubusercontent.com/scala-js/v1.5.0/scalalib/overrides/scala/math/ScalaNumber.scala	24
https:/raw.githubusercontent.com/scala-js/v1.5.0/scalalib/overrides/scala/runtime/BoxesRunTime.scala	6267
https:/raw.githubusercontent.com/scala-js/v1.5.0/scalalib/overrides/scala/util/control/NoStackTrace.scala	171
https:/raw.githubusercontent.com/scala/v2.13.4/annotation/elidable.scala	303
https:/raw.githubusercontent.com/scala/v2.13.4/collection/ArrayOps.scala	14472
https:/raw.githubusercontent.com/scala/v2.13.4/collection/BitSet.scala	2291
https:/raw.githubusercontent.com/scala/v2.13.4/collection/BuildFrom.scala	278
https:/raw.githubusercontent.com/scala/v2.13.4/collection/Factory.scala	3554
https:/raw.githubusercontent.com/scala/v2.13.4/collection/generic/BitOperations.scala	236
https:/raw.githubusercontent.com/scala/v2.13.4/collection/Hashing.scala	201
https:/raw.githubusercontent.com/scala/v2.13.4/collection/immutable/ArraySeq.scala	11064
https:/raw.githubusercontent.com/scala/v2.13.4/collection/immutable/BitSet.scala	4914
https:/raw.githubusercontent.com/scala/v2.13.4/collection/immutable/ChampCommon.scala	2091
https:/raw.githubusercontent.com/scala/v2.13.4/collection/immutable/HashMap.scala	21723
https:/raw.githubusercontent.com/scala/v2.13.4/collection/immutable/HashSet.scala	17982
https:/raw.githubusercontent.com/scala/v2.13.4/collection/immutable/IntMap.scala	5526
https:/raw.githubusercontent.com/scala/v2.13.4/collection/immutable/Iterable.scala	298
https:/raw.githubusercontent.com/scala/v2.13.4/collection/immutable/LazyList.scala	8198
https:/raw.githubusercontent.com/scala/v2.13.4/collection/immutable/ListMap.scala	4009
https:/raw.githubusercontent.com/scala/v2.13.4/collection/immutable/List.scala	24305
https:/raw.githubusercontent.com/scala/v2.13.4/collection/immutable/ListSet.scala	2481
https:/raw.githubusercontent.com/scala/v2.13.4/collection/immutable/Map.scala	14956
https:/raw.githubusercontent.com/scala/v2.13.4/collection/immutable/RedBlackTree.scala	14457
https:/raw.githubusercontent.com/scala/v2.13.4/collection/immutable/Seq.scala	1333
https:/raw.githubusercontent.com/scala/v2.13.4/collection/immutable/Set.scala	15467
https:/raw.githubusercontent.com/scala/v2.13.4/collection/immutable/SortedMap.scala	179
https:/raw.githubusercontent.com/scala/v2.13.4/collection/immutable/SortedSet.scala	353
https:/raw.githubusercontent.com/scala/v2.13.4/collection/immutable/Stream.scala	4002
https:/raw.githubusercontent.com/scala/v2.13.4/collection/immutable/StrictOptimizedSeqOps.scala	289
https:/raw.githubusercontent.com/scala/v2.13.4/collection/immutable/TreeMap.scala	4339
https:/raw.githubusercontent.com/scala/v2.13.4/collection/immutable/TreeSeqMap.scala	10127
https:/raw.githubusercontent.com/scala/v2.13.4/collection/immutable/TreeSet.scala	4407
https:/raw.githubusercontent.com/scala/v2.13.4/collection/immutable/Vector.scala	52862
https:/raw.githubusercontent.com/scala/v2.13.4/collection/immutable/WrappedString.scala	1350
https:/raw.githubusercontent.com/scala/v2.13.4/collection/IndexedSeq.scala	3439
https:/raw.githubusercontent.com/scala/v2.13.4/collection/IndexedSeqView.scala	7040
https:/raw.githubusercontent.com/scala/v2.13.4/collection/IterableOnce.scala	18702
https:/raw.githubusercontent.com/scala/v2.13.4/collection/Iterable.scala	4529
https:/raw.githubusercontent.com/scala/v2.13.4/collection/Iterator.scala	17452
https:/raw.githubusercontent.com/scala/v2.13.4/collection/LinearSeq.scala	2267
https:/raw.githubusercontent.com/scala/v2.13.4/collection/Map.scala	3643
https:/raw.githubusercontent.com/scala/v2.13.4/collection/MapView.scala	2200
https:/raw.githubusercontent.com/scala/v2.13.4/collection/mutable/AnyRefMap.scala	6363
https:/raw.githubusercontent.com/scala/v2.13.4/collection/mutable/ArrayBuffer.scala	3063
https:/raw.githubusercontent.com/scala/v2.13.4/collection/mutable/ArrayDeque.scala	3865
https:/raw.githubusercontent.com/scala/v2.13.4/collection/mutable/ArraySeq.scala	6969
https:/raw.githubusercontent.com/scala/v2.13.4/collection/mutable/BitSet.scala	2817
https:/raw.githubusercontent.com/scala/v2.13.4/collection/mutable/Builder.scala	509
https:/raw.githubusercontent.com/scala/v2.13.4/collection/mutable/GrowableBuilder.scala	299
https:/raw.githubusercontent.com/scala/v2.13.4/collection/mutable/Growable.scala	1138
https:/raw.githubusercontent.com/scala/v2.13.4/collection/mutable/HashMap.scala	7181
https:/raw.githubusercontent.com/scala/v2.13.4/collection/mutable/HashSet.scala	3890
https:/raw.githubusercontent.com/scala/v2.13.4/collection/mutable/ImmutableBuilder.scala	166
https:/raw.githubusercontent.com/scala/v2.13.4/collection/mutable/IndexedSeq.scala	300
https:/raw.githubusercontent.com/scala/v2.13.4/collection/mutable/Iterable.scala	159
https:/raw.githubusercontent.com/scala/v2.13.4/collection/mutable/ListBuffer.scala	1771
https:/raw.githubusercontent.com/scala/v2.13.4/collection/mutable/Map.scala	1518
https:/raw.githubusercontent.com/scala/v2.13.4/collection/mutable/MutationTracker.scala	391
https:/raw.githubusercontent.com/scala/v2.13.4/collection/mutable/Queue.scala	674
https:/raw.githubusercontent.com/scala/v2.13.4/collection/mutable/Seq.scala	26
https:/raw.githubusercontent.com/scala/v2.13.4/collection/mutable/Set.scala	378
https:/raw.githubusercontent.com/scala/v2.13.4/collection/mutable/StringBuilder.scala	1638
https:/raw.githubusercontent.com/scala/v2.13.4/collection/package.scala	198
https:/raw.githubusercontent.com/scala/v2.13.4/collection/SeqMap.scala	32
https:/raw.githubusercontent.com/scala/v2.13.4/collection/Seq.scala	4230
https:/raw.githubusercontent.com/scala/v2.13.4/collection/SeqView.scala	9739
https:/raw.githubusercontent.com/scala/v2.13.4/collection/Set.scala	1185
https:/raw.githubusercontent.com/scala/v2.13.4/collection/SortedMap.scala	363
https:/raw.githubusercontent.com/scala/v2.13.4/collection/SortedSet.scala	542
https:/raw.githubusercontent.com/scala/v2.13.4/collection/StrictOptimizedIterableOps.scala	1435
https:/raw.githubusercontent.com/scala/v2.13.4/collection/StrictOptimizedMapOps.scala	69
https:/raw.githubusercontent.com/scala/v2.13.4/collection/StrictOptimizedSeqOps.scala	445
https:/raw.githubusercontent.com/scala/v2.13.4/collection/StrictOptimizedSetOps.scala	5
https:/raw.githubusercontent.com/scala/v2.13.4/collection/StringOps.scala	3543
https:/raw.githubusercontent.com/scala/v2.13.4/collection/View.scala	5527
https:/raw.githubusercontent.com/scala/v2.13.4/collection/WithFilter.scala	22
https:/raw.githubusercontent.com/scala/v2.13.4/concurrent/duration/Duration.scala	1548
https:/raw.githubusercontent.com/scala/v2.13.4/concurrent/duration/package.scala	307
https:/raw.githubusercontent.com/scala/v2.13.4/Function0.scala	219
https:/raw.githubusercontent.com/scala/v2.13.4/Function1.scala	762
https:/raw.githubusercontent.com/scala/v2.13.4/Function2.scala	282
https:/raw.githubusercontent.com/scala/v2.13.4/Function3.scala	27
https:/raw.githubusercontent.com/scala/v2.13.4/Function4.scala	27
https:/raw.githubusercontent.com/scala/v2.13.4/Function6.scala	27
https:/raw.githubusercontent.com/scala/v2.13.4/Function.scala	4
https:/raw.githubusercontent.com/scala/v2.13.4/MatchError.scala	382
https:/raw.githubusercontent.com/scala/v2.13.4/math/BigInt.scala	1879
https:/raw.githubusercontent.com/scala/v2.13.4/math/Equiv.scala	108
https:/raw.githubusercontent.com/scala/v2.13.4/math/Fractional.scala	102
https:/raw.githubusercontent.com/scala/v2.13.4/math/Integral.scala	403
https:/raw.githubusercontent.com/scala/v2.13.4/math/Numeric.scala	3764
https:/raw.githubusercontent.com/scala/v2.13.4/math/Ordered.scala	199
https:/raw.githubusercontent.com/scala/v2.13.4/math/Ordering.scala	10137
https:/raw.githubusercontent.com/scala/v2.13.4/math/package.scala	98
https:/raw.githubusercontent.com/scala/v2.13.4/math/ScalaNumericConversions.scala	401
https:/raw.githubusercontent.com/scala/v2.13.4/NotImplementedError.scala	140
https:/raw.githubusercontent.com/scala/v2.13.4/Option.scala	20871
https:/raw.githubusercontent.com/scala/v2.13.4/PartialFunction.scala	1888
https:/raw.githubusercontent.com/scala/v2.13.4/Predef.scala	13080
https:/raw.githubusercontent.com/scala/v2.13.4/Product2.scala	238
https:/raw.githubusercontent.com/scala/v2.13.4/Product3.scala	141
https:/raw.githubusercontent.com/scala/v2.13.4/Product4.scala	171
https:/raw.githubusercontent.com/scala/v2.13.4/Product5.scala	188
https:/raw.githubusercontent.com/scala/v2.13.4/Proxy.scala	24
https:/raw.githubusercontent.com/scala/v2.13.4/reflect/NoManifest.scala	129
https:/raw.githubusercontent.com/scala/v2.13.4/runtime/AbstractFunction0.scala	20
https:/raw.githubusercontent.com/scala/v2.13.4/runtime/AbstractFunction1.scala	108
https:/raw.githubusercontent.com/scala/v2.13.4/runtime/AbstractFunction2.scala	54
https:/raw.githubusercontent.com/scala/v2.13.4/runtime/AbstractFunction3.scala	24
https:/raw.githubusercontent.com/scala/v2.13.4/runtime/AbstractFunction4.scala	24
https:/raw.githubusercontent.com/scala/v2.13.4/runtime/AbstractFunction5.scala	21
https:/raw.githubusercontent.com/scala/v2.13.4/runtime/AbstractFunction6.scala	24
https:/raw.githubusercontent.com/scala/v2.13.4/runtime/AbstractFunction8.scala	21
https:/raw.githubusercontent.com/scala/v2.13.4/runtime/AbstractPartialFunction.scala	191
https:/raw.githubusercontent.com/scala/v2.13.4/runtime/ArrayCharSequence.scala	679
https:/raw.githubusercontent.com/scala/v2.13.4/runtime/LazyRef.scala	2235
https:/raw.githubusercontent.com/scala/v2.13.4/runtime/NonLocalReturnControl.scala	158
https:/raw.githubusercontent.com/scala/v2.13.4/runtime/Nothing$.scala	41
https:/raw.githubusercontent.com/scala/v2.13.4/runtime/Null$.scala	32
https:/raw.githubusercontent.com/scala/v2.13.4/runtime/RichBoolean.scala	370
https:/raw.githubusercontent.com/scala/v2.13.4/runtime/RichChar.scala	807
https:/raw.githubusercontent.com/scala/v2.13.4/runtime/RichLong.scala	902
https:/raw.githubusercontent.com/scala/v2.13.4/runtime/ScalaNumberProxy.scala	60
https:/raw.githubusercontent.com/scala/v2.13.4/sys/package.scala	139
https:/raw.githubusercontent.com/scala/v2.13.4/Tuple2.scala	2319
https:/raw.githubusercontent.com/scala/v2.13.4/Tuple3.scala	796
https:/raw.githubusercontent.com/scala/v2.13.4/Tuple4.scala	472
https:/raw.githubusercontent.com/scala/v2.13.4/Tuple5.scala	482
https:/raw.githubusercontent.com/scala/v2.13.4/typeConstraints.scala	1116
https:/raw.githubusercontent.com/scala/v2.13.4/util/control/ControlThrowable.scala	43
https:/raw.githubusercontent.com/scala/v2.13.4/util/control/NonFatal.scala	196
https:/raw.githubusercontent.com/scala/v2.13.4/util/Either.scala	2380
https:/raw.githubusercontent.com/scala/v2.13.4/util/hashing/MurmurHash3.scala	21507
https:/raw.githubusercontent.com/scala/v2.13.4/util/hashing/package.scala	25
https:/raw.githubusercontent.com/scala/v2.13.4/util/matching/Regex.scala	2398
https:/raw.githubusercontent.com/scala/v2.13.4/util/Sorting.scala	4648
https:/raw.githubusercontent.com/scala/v2.13.4/util/Try.scala	1738
https:/raw.githubusercontent.com/scalaz/scalaz/40ca3a4245bebe113cd7fb97179f0071d00ef5d9/core/scalaz/Align.scala	186
https:/raw.githubusercontent.com/scalaz/scalaz/40ca3a4245bebe113cd7fb97179f0071d00ef5d9/core/scalaz/ApplicativePlus.scala	196
https:/raw.githubusercontent.com/scalaz/scalaz/40ca3a4245bebe113cd7fb97179f0071d00ef5d9/core/scalaz/Applicative.scala	1164
https:/raw.githubusercontent.com/scalaz/scalaz/40ca3a4245bebe113cd7fb97179f0071d00ef5d9/core/scalaz/Apply.scala	297
https:/raw.githubusercontent.com/scalaz/scalaz/40ca3a4245bebe113cd7fb97179f0071d00ef5d9/core/scalaz/Arrow.scala	174
https:/raw.githubusercontent.com/scalaz/scalaz/40ca3a4245bebe113cd7fb97179f0071d00ef5d9/core/scalaz/Associative.scala	144
https:/raw.githubusercontent.com/scalaz/scalaz/40ca3a4245bebe113cd7fb97179f0071d00ef5d9/core/scalaz/Band.scala	170
https:/raw.githubusercontent.com/scalaz/scalaz/40ca3a4245bebe113cd7fb97179f0071d00ef5d9/core/scalaz/Bifoldable.scala	149
https:/raw.githubusercontent.com/scalaz/scalaz/40ca3a4245bebe113cd7fb97179f0071d00ef5d9/core/scalaz/Bifunctor.scala	144
https:/raw.githubusercontent.com/scalaz/scalaz/40ca3a4245bebe113cd7fb97179f0071d00ef5d9/core/scalaz/BindRec.scala	181
https:/raw.githubusercontent.com/scalaz/scalaz/40ca3a4245bebe113cd7fb97179f0071d00ef5d9/core/scalaz/Bind.scala	456
https:/raw.githubusercontent.com/scalaz/scalaz/40ca3a4245bebe113cd7fb97179f0071d00ef5d9/core/scalaz/Bitraverse.scala	156
https:/raw.githubusercontent.com/scalaz/scalaz/40ca3a4245bebe113cd7fb97179f0071d00ef5d9/core/scalaz/Category.scala	167
https:/raw.githubusercontent.com/scalaz/scalaz/40ca3a4245bebe113cd7fb97179f0071d00ef5d9/core/scalaz/Choice.scala	176
https:/raw.githubusercontent.com/scalaz/scalaz/40ca3a4245bebe113cd7fb97179f0071d00ef5d9/core/scalaz/Cobind.scala	196
https:/raw.githubusercontent.com/scalaz/scalaz/40ca3a4245bebe113cd7fb97179f0071d00ef5d9/core/scalaz/Comonad.scala	190
https:/raw.githubusercontent.com/scalaz/scalaz/40ca3a4245bebe113cd7fb97179f0071d00ef5d9/core/scalaz/Compose.scala	159
https:/raw.githubusercontent.com/scalaz/scalaz/40ca3a4245bebe113cd7fb97179f0071d00ef5d9/core/scalaz/Composition.scala	197
https:/raw.githubusercontent.com/scalaz/scalaz/40ca3a4245bebe113cd7fb97179f0071d00ef5d9/core/scalaz/Contravariant.scala	178
https:/raw.githubusercontent.com/scalaz/scalaz/40ca3a4245bebe113cd7fb97179f0071d00ef5d9/core/scalaz/Cozip.scala	169
https:/raw.githubusercontent.com/scalaz/scalaz/40ca3a4245bebe113cd7fb97179f0071d00ef5d9/core/scalaz/Divide.scala	164
https:/raw.githubusercontent.com/scalaz/scalaz/40ca3a4245bebe113cd7fb97179f0071d00ef5d9/core/scalaz/Divisible.scala	166
https:/raw.githubusercontent.com/scalaz/scalaz/40ca3a4245bebe113cd7fb97179f0071d00ef5d9/core/scalaz/Either.scala	13476
https:/raw.githubusercontent.com/scalaz/scalaz/40ca3a4245bebe113cd7fb97179f0071d00ef5d9/core/scalaz/EitherT.scala	280
https:/raw.githubusercontent.com/scalaz/scalaz/40ca3a4245bebe113cd7fb97179f0071d00ef5d9/core/scalaz/Endo.scala	895
https:/raw.githubusercontent.com/scalaz/scalaz/40ca3a4245bebe113cd7fb97179f0071d00ef5d9/core/scalaz/Enum.scala	173
https:/raw.githubusercontent.com/scalaz/scalaz/40ca3a4245bebe113cd7fb97179f0071d00ef5d9/core/scalaz/Equal.scala	1932
https:/raw.githubusercontent.com/scalaz/scalaz/40ca3a4245bebe113cd7fb97179f0071d00ef5d9/core/scalaz/Foldable1.scala	169
https:/raw.githubusercontent.com/scalaz/scalaz/40ca3a4245bebe113cd7fb97179f0071d00ef5d9/core/scalaz/Foldable.scala	366
https:/raw.githubusercontent.com/scalaz/scalaz/40ca3a4245bebe113cd7fb97179f0071d00ef5d9/core/scalaz/Free.scala	3040
https:/raw.githubusercontent.com/scalaz/scalaz/40ca3a4245bebe113cd7fb97179f0071d00ef5d9/core/scalaz/Functor.scala	636
https:/raw.githubusercontent.com/scalaz/scalaz/40ca3a4245bebe113cd7fb97179f0071d00ef5d9/core/scalaz/Id.scala	819
https:/raw.githubusercontent.com/scalaz/scalaz/40ca3a4245bebe113cd7fb97179f0071d00ef5d9/core/scalaz/InvariantFunctor.scala	158
https:/raw.githubusercontent.com/scalaz/scalaz/40ca3a4245bebe113cd7fb97179f0071d00ef5d9/core/scalaz/IsEmpty.scala	185
https:/raw.githubusercontent.com/scalaz/scalaz/40ca3a4245bebe113cd7fb97179f0071d00ef5d9/core/scalaz/Isomorphism.scala	283
https:/raw.githubusercontent.com/scalaz/scalaz/40ca3a4245bebe113cd7fb97179f0071d00ef5d9/core/scalaz/Kleisli.scala	543
https:/raw.githubusercontent.com/scalaz/scalaz/40ca3a4245bebe113cd7fb97179f0071d00ef5d9/core/scalaz/Leibniz.scala	441
https:/raw.githubusercontent.com/scalaz/scalaz/40ca3a4245bebe113cd7fb97179f0071d00ef5d9/core/scalaz/Liskov.scala	508
https:/raw.githubusercontent.com/scalaz/scalaz/40ca3a4245bebe113cd7fb97179f0071d00ef5d9/core/scalaz/Map.scala	373
https:/raw.githubusercontent.com/scalaz/scalaz/40ca3a4245bebe113cd7fb97179f0071d00ef5d9/core/scalaz/MonadError.scala	176
https:/raw.githubusercontent.com/scalaz/scalaz/40ca3a4245bebe113cd7fb97179f0071d00ef5d9/core/scalaz/MonadPlus.scala	214
https:/raw.githubusercontent.com/scalaz/scalaz/40ca3a4245bebe113cd7fb97179f0071d00ef5d9/core/scalaz/Monad.scala	305
https:/raw.githubusercontent.com/scalaz/scalaz/40ca3a4245bebe113cd7fb97179f0071d00ef5d9/core/scalaz/Monoid.scala	165
https:/raw.githubusercontent.com/scalaz/scalaz/40ca3a4245bebe113cd7fb97179f0071d00ef5d9/core/scalaz/Name.scala	1939
https:/raw.githubusercontent.com/scalaz/scalaz/40ca3a4245bebe113cd7fb97179f0071d00ef5d9/core/scalaz/Optional.scala	159
https:/raw.githubusercontent.com/scalaz/scalaz/40ca3a4245bebe113cd7fb97179f0071d00ef5d9/core/scalaz/Ordering.scala	1648
https:/raw.githubusercontent.com/scalaz/scalaz/40ca3a4245bebe113cd7fb97179f0071d00ef5d9/core/scalaz/Order.scala	1924
https:/raw.githubusercontent.com/scalaz/scalaz/40ca3a4245bebe113cd7fb97179f0071d00ef5d9/core/scalaz/package.scala	963
https:/raw.githubusercontent.com/scalaz/scalaz/40ca3a4245bebe113cd7fb97179f0071d00ef5d9/core/scalaz/PlusEmpty.scala	180
https:/raw.githubusercontent.com/scalaz/scalaz/40ca3a4245bebe113cd7fb97179f0071d00ef5d9/core/scalaz/Plus.scala	176
https:/raw.githubusercontent.com/scalaz/scalaz/40ca3a4245bebe113cd7fb97179f0071d00ef5d9/core/scalaz/ProChoice.scala	150
https:/raw.githubusercontent.com/scalaz/scalaz/40ca3a4245bebe113cd7fb97179f0071d00ef5d9/core/scalaz/Profunctor.scala	144
https:/raw.githubusercontent.com/scalaz/scalaz/40ca3a4245bebe113cd7fb97179f0071d00ef5d9/core/scalaz/ReaderWriterStateT.scala	250
https:/raw.githubusercontent.com/scalaz/scalaz/40ca3a4245bebe113cd7fb97179f0071d00ef5d9/core/scalaz/Semigroup.scala	427
https:/raw.githubusercontent.com/scalaz/scalaz/40ca3a4245bebe113cd7fb97179f0071d00ef5d9/core/scalaz/SemiLattice.scala	155
https:/raw.githubusercontent.com/scalaz/scalaz/40ca3a4245bebe113cd7fb97179f0071d00ef5d9/core/scalaz/Show.scala	161
https:/raw.githubusercontent.com/scalaz/scalaz/40ca3a4245bebe113cd7fb97179f0071d00ef5d9/core/scalaz/Split.scala	165
https:/raw.githubusercontent.com/scalaz/scalaz/40ca3a4245bebe113cd7fb97179f0071d00ef5d9/core/scalaz/State.scala	78
https:/raw.githubusercontent.com/scalaz/scalaz/40ca3a4245bebe113cd7fb97179f0071d00ef5d9/core/scalaz/StateT.scala	1940
https:/raw.githubusercontent.com/scalaz/scalaz/40ca3a4245bebe113cd7fb97179f0071d00ef5d9/core/scalaz/std/AnyVal.scala	5291
https:/raw.githubusercontent.com/scalaz/scalaz/40ca3a4245bebe113cd7fb97179f0071d00ef5d9/core/scalaz/std/Function.scala	1162
https:/raw.githubusercontent.com/scalaz/scalaz/40ca3a4245bebe113cd7fb97179f0071d00ef5d9/core/scalaz/std/List.scala	1157
https:/raw.githubusercontent.com/scalaz/scalaz/40ca3a4245bebe113cd7fb97179f0071d00ef5d9/core/scalaz/std/Option.scala	1213
https:/raw.githubusercontent.com/scalaz/scalaz/40ca3a4245bebe113cd7fb97179f0071d00ef5d9/core/scalaz/std/String.scala	535
https:/raw.githubusercontent.com/scalaz/scalaz/40ca3a4245bebe113cd7fb97179f0071d00ef5d9/core/scalaz/std/Vector.scala	1036
https:/raw.githubusercontent.com/scalaz/scalaz/40ca3a4245bebe113cd7fb97179f0071d00ef5d9/core/scalaz/Strong.scala	150
https:/raw.githubusercontent.com/scalaz/scalaz/40ca3a4245bebe113cd7fb97179f0071d00ef5d9/core/scalaz/syntax/EitherOps.scala	9
https:/raw.githubusercontent.com/scalaz/scalaz/40ca3a4245bebe113cd7fb97179f0071d00ef5d9/core/scalaz/syntax/EqualSyntax.scala	311
https:/raw.githubusercontent.com/scalaz/scalaz/40ca3a4245bebe113cd7fb97179f0071d00ef5d9/core/scalaz/syntax/FoldableSyntax.scala	155
https:/raw.githubusercontent.com/scalaz/scalaz/40ca3a4245bebe113cd7fb97179f0071d00ef5d9/core/scalaz/syntax/package.scala	529
https:/raw.githubusercontent.com/scalaz/scalaz/40ca3a4245bebe113cd7fb97179f0071d00ef5d9/core/scalaz/syntax/SemigroupSyntax.scala	349
https:/raw.githubusercontent.com/scalaz/scalaz/40ca3a4245bebe113cd7fb97179f0071d00ef5d9/core/scalaz/syntax/std/Function2Ops.scala	156
https:/raw.githubusercontent.com/scalaz/scalaz/40ca3a4245bebe113cd7fb97179f0071d00ef5d9/core/scalaz/syntax/Syntax.scala	762
https:/raw.githubusercontent.com/scalaz/scalaz/40ca3a4245bebe113cd7fb97179f0071d00ef5d9/core/scalaz/syntax/Traverse1Syntax.scala	218
https:/raw.githubusercontent.com/scalaz/scalaz/40ca3a4245bebe113cd7fb97179f0071d00ef5d9/core/scalaz/syntax/TraverseSyntax.scala	223
https:/raw.githubusercontent.com/scalaz/scalaz/40ca3a4245bebe113cd7fb97179f0071d00ef5d9/core/scalaz/Tag.scala	169
https:/raw.githubusercontent.com/scalaz/scalaz/40ca3a4245bebe113cd7fb97179f0071d00ef5d9/core/scalaz/Tags.scala	144
https:/raw.githubusercontent.com/scalaz/scalaz/40ca3a4245bebe113cd7fb97179f0071d00ef5d9/core/scalaz/Traverse1.scala	254
https:/raw.githubusercontent.com/scalaz/scalaz/40ca3a4245bebe113cd7fb97179f0071d00ef5d9/core/scalaz/Traverse.scala	1709
https:/raw.githubusercontent.com/scalaz/scalaz/40ca3a4245bebe113cd7fb97179f0071d00ef5d9/core/scalaz/Unzip.scala	185
https:/raw.githubusercontent.com/scalaz/scalaz/40ca3a4245bebe113cd7fb97179f0071d00ef5d9/core/scalaz/Zip.scala	186
https:/raw.githubusercontent.com/scalaz/scalaz/40ca3a4245bebe113cd7fb97179f0071d00ef5d9/core/src/main/scala-2.13+/scalaz/std/Map.scala	728
https:/raw.githubusercontent.com/suzaku-io/boopickle/v1.3.3/boopickle/BufferPool.scala	1091
https:/raw.githubusercontent.com/suzaku-io/boopickle/v1.3.3/boopickle/BufferProvider.scala	757
https:/raw.githubusercontent.com/suzaku-io/boopickle/v1.3.3/boopickle/CodecSize.scala	2997
https:/raw.githubusercontent.com/suzaku-io/boopickle/v1.3.3/boopickle/Constants.scala	298
https:/raw.githubusercontent.com/suzaku-io/boopickle/v1.3.3/boopickle/DefaultByteBufferProvider.scala	7
https:/raw.githubusercontent.com/suzaku-io/boopickle/v1.3.3/boopickle/Default.scala	2017
https:/raw.githubusercontent.com/suzaku-io/boopickle/v1.3.3/boopickle/IdentList.scala	1201
https:/raw.githubusercontent.com/suzaku-io/boopickle/v1.3.3/boopickle/IdentMap.scala	265
https:/raw.githubusercontent.com/suzaku-io/boopickle/v1.3.3/boopickle/Pickler.scala	14663
https:/raw.githubusercontent.com/suzaku-io/boopickle/v1.3.3/boopickle/StringCodecBase.scala	613
https:/raw.githubusercontent.com/suzaku-io/boopickle/v1.3.3/boopickle/StringCodec.scala	923
https:/raw.githubusercontent.com/suzaku-io/boopickle/v1.3.3/boopickle/TuplePicklers.scala	320
https:/raw.githubusercontent.com/suzaku-io/boopickle/v1.3.3/shared/src/main/scala-2.13+/boopickle/XCompat.scala	3560
[no source]	11285
[unmapped]	20246
